-- phpMyAdmin SQL Dump
-- version 5.2.0
-- https://www.phpmyadmin.net/
--
-- Host: db:3306
-- Generation Time: Jan 11, 2023 at 09:10 AM
-- Server version: 10.10.2-MariaDB-1:10.10.2+maria~ubu2204
-- PHP Version: 8.0.26

SET SQL_MODE = "NO_AUTO_VALUE_ON_ZERO";
START TRANSACTION;
SET time_zone = "+00:00";


/*!40101 SET @OLD_CHARACTER_SET_CLIENT=@@CHARACTER_SET_CLIENT */;
/*!40101 SET @OLD_CHARACTER_SET_RESULTS=@@CHARACTER_SET_RESULTS */;
/*!40101 SET @OLD_COLLATION_CONNECTION=@@COLLATION_CONNECTION */;
/*!40101 SET NAMES utf8mb4 */;

--
-- Database: `zelye`
--
CREATE DATABASE IF NOT EXISTS `zelye` DEFAULT CHARACTER SET utf8mb4 COLLATE utf8mb4_general_ci;
USE `zelye`;

-- --------------------------------------------------------

--
-- Table structure for table `allergens`
--

DROP TABLE IF EXISTS `allergens`;
CREATE TABLE `allergens` (
  `id` int(11) NOT NULL,
  `name` varchar(200) DEFAULT NULL,
  `item_id` int(11) DEFAULT NULL
) ENGINE=InnoDB DEFAULT CHARSET=utf8mb4 COLLATE=utf8mb4_general_ci;

--
-- Dumping data for table `allergens`
--

INSERT INTO `allergens` (`id`, `name`, `item_id`) VALUES
(1, 'milk', 1),
(2, 'eggs', 1),
(3, 'eggs', 1),
(4, 'milk', 2),
(5, 'milk', 2),
(6, 'peanuts', 3),
(7, 'eggs', 3),
(8, 'shellfish', 4),
(9, 'wheat', 4),
(10, 'milk', 4),
(11, 'wheat', 5),
(12, 'wheat', 5),
(13, 'milk', 5),
(14, 'soy', 6),
(15, 'soy', 6),
(16, 'shellfish', 6),
(17, 'peanuts', 7),
(18, 'soy', 7),
(19, 'fish', 8),
(20, 'shellfish', 8),
(21, 'wheat', 8),
(22, 'milk', 9),
(23, 'shellfish', 10),
(24, 'wheat', 10),
(25, 'milk', 11),
(26, 'shellfish', 11),
(27, 'fish', 11),
(28, 'eggs', 12),
(29, 'soy', 12),
(30, 'shellfish', 12),
(31, 'tree nuts', 13),
(32, 'peanuts', 14),
(33, 'eggs', 14),
(34, 'fish', 15),
(35, 'peanuts', 15),
(36, 'wheat', 15),
(37, 'fish', 16),
(38, 'milk', 16),
(39, 'milk', 17),
(40, 'wheat', 17),
(41, 'soy', 18),
(42, 'shellfish', 19),
(43, 'tree nuts', 20),
(44, 'milk', 20),
(45, 'shellfish', 20),
(46, 'wheat', 21),
(47, 'soy', 21),
(48, 'peanuts', 22),
(49, 'shellfish', 22),
(50, 'peanuts', 23),
(51, 'shellfish', 23),
(52, 'shellfish', 23),
(53, 'shellfish', 24),
(54, 'milk', 25),
(55, 'eggs', 25),
(56, 'fish', 26),
(57, 'fish', 27),
(58, 'soy', 27),
(59, 'fish', 27),
(60, 'tree nuts', 28),
(61, 'eggs', 29),
(62, 'fish', 29),
(63, 'tree nuts', 30),
(64, 'shellfish', 31),
(65, 'soy', 32),
(66, 'tree nuts', 32),
(67, 'peanuts', 33),
(68, 'fish', 33),
(69, 'milk', 34),
(70, 'eggs', 34),
(71, 'tree nuts', 34),
(72, 'soy', 35),
(73, 'peanuts', 35),
(74, 'eggs', 36),
(75, 'peanuts', 36),
(76, 'soy', 37),
(77, 'eggs', 37),
(78, 'milk', 37),
(79, 'shellfish', 38),
(80, 'tree nuts', 39),
(81, 'tree nuts', 39),
(82, 'peanuts', 39),
(83, 'wheat', 40),
(84, 'wheat', 41),
(85, 'wheat', 41),
(86, 'soy', 41),
(87, 'peanuts', 42),
(88, 'wheat', 42),
(89, 'soy', 42),
(90, 'shellfish', 43),
(91, 'milk', 43),
(92, 'eggs', 44),
(93, 'eggs', 44),
(94, 'shellfish', 44),
(95, 'fish', 45),
(96, 'eggs', 45),
(97, 'fish', 46),
(98, 'soy', 46),
(99, 'wheat', 46),
(100, 'soy', 47),
(101, 'milk', 47),
(102, 'peanuts', 48),
(103, 'fish', 48),
(104, 'tree nuts', 48),
(105, 'fish', 49),
(106, 'shellfish', 50),
(107, 'peanuts', 50),
(108, 'peanuts', 51),
(109, 'tree nuts', 51),
(110, 'shellfish', 52),
(111, 'shellfish', 52),
(112, 'shellfish', 52),
(113, 'fish', 53),
(114, 'shellfish', 53),
(115, 'shellfish', 53),
(116, 'shellfish', 54),
(117, 'peanuts', 54),
(118, 'peanuts', 55),
(119, 'shellfish', 56),
(120, 'fish', 56),
(121, 'fish', 57),
(122, 'milk', 57),
(123, 'eggs', 57),
(124, 'tree nuts', 58),
(125, 'soy', 58),
(126, 'milk', 58),
(127, 'eggs', 59),
(128, 'soy', 59),
(129, 'soy', 59),
(130, 'shellfish', 60),
(131, 'wheat', 60),
(132, 'fish', 60),
(133, 'eggs', 61),
(134, 'wheat', 61),
(135, 'eggs', 61),
(136, 'wheat', 62),
(137, 'soy', 63),
(138, 'tree nuts', 63),
(139, 'peanuts', 63),
(140, 'milk', 64),
(141, 'fish', 64),
(142, 'milk', 65),
(143, 'milk', 65),
(144, 'tree nuts', 66),
(145, 'eggs', 66),
(146, 'shellfish', 66),
(147, 'peanuts', 67),
(148, 'eggs', 68),
(149, 'soy', 68),
(150, 'soy', 69),
(151, 'soy', 70),
(152, 'tree nuts', 70),
(153, 'fish', 71),
(154, 'soy', 71),
(155, 'soy', 72),
(156, 'fish', 73),
(157, 'peanuts', 74),
(158, 'eggs', 75),
(159, 'eggs', 76),
(160, 'tree nuts', 76),
(161, 'peanuts', 77),
(162, 'shellfish', 77),
(163, 'eggs', 78),
(164, 'fish', 78),
(165, 'peanuts', 79),
(166, 'wheat', 79),
(167, 'fish', 79),
(168, 'fish', 80),
(169, 'shellfish', 80),
(170, 'tree nuts', 80),
(171, 'soy', 81),
(172, 'fish', 82),
(173, 'tree nuts', 82),
(174, 'eggs', 82),
(175, 'fish', 83),
(176, 'wheat', 84),
(177, 'wheat', 84),
(178, 'peanuts', 84),
(179, 'shellfish', 85),
(180, 'soy', 85),
(181, 'fish', 85),
(182, 'soy', 86),
(183, 'tree nuts', 87),
(184, 'tree nuts', 87),
(185, 'peanuts', 87),
(186, 'soy', 88),
(187, 'milk', 88),
(188, 'milk', 89),
(189, 'soy', 89),
(190, 'wheat', 90),
(191, 'fish', 91),
(192, 'soy', 92),
(193, 'wheat', 93),
(194, 'peanuts', 94),
(195, 'milk', 94),
(196, 'wheat', 95),
(197, 'shellfish', 95),
(198, 'milk', 95),
(199, 'shellfish', 96),
(200, 'tree nuts', 97),
(201, 'fish', 98),
(202, 'milk', 98),
(203, 'eggs', 99),
(204, 'eggs', 99),
(205, 'milk', 100),
(206, 'tree nuts', 100),
(207, 'milk', 101),
(208, 'peanuts', 101),
(209, 'eggs', 101),
(210, 'eggs', 102),
(211, 'eggs', 102),
(212, 'wheat', 102),
(213, 'fish', 103),
(214, 'wheat', 103),
(215, 'wheat', 104),
(216, 'milk', 104),
(217, 'shellfish', 105),
(218, 'milk', 105),
(219, 'tree nuts', 105),
(220, 'wheat', 106),
(221, 'eggs', 106),
(222, 'shellfish', 107),
(223, 'tree nuts', 108),
(224, 'peanuts', 109),
(225, 'milk', 109),
(226, 'peanuts', 109),
(227, 'peanuts', 110),
(228, 'milk', 111),
(229, 'shellfish', 112),
(230, 'tree nuts', 112),
(231, 'milk', 112),
(232, 'fish', 113),
(233, 'soy', 114),
(234, 'peanuts', 115),
(235, 'fish', 115),
(236, 'milk', 115),
(237, 'wheat', 116),
(238, 'peanuts', 116),
(239, 'peanuts', 116),
(240, 'fish', 117);

-- --------------------------------------------------------

--
-- Table structure for table `category`
--

DROP TABLE IF EXISTS `category`;
CREATE TABLE `category` (
  `id` int(11) NOT NULL,
  `name` varchar(200) DEFAULT NULL,
  `col` int(11) DEFAULT 0,
  `place` int(11) DEFAULT 0,
  `rest_id` int(11) DEFAULT NULL,
  `photo` varchar(500) DEFAULT NULL,
  `size` int(11) DEFAULT NULL
) ENGINE=InnoDB DEFAULT CHARSET=utf8mb4 COLLATE=utf8mb4_general_ci;

--
-- Dumping data for table `category`
--

INSERT INTO `category` (`id`, `name`, `col`, `place`, `rest_id`, `photo`, `size`) VALUES
(3, 'Predjedi', 0, 1, 1, 'predjedi.jpg', 1),
(4, 'Pijače', 0, 2, 1, 'pijace.jpg', 2),
(5, 'Pice', 0, 3, 1, 'pice.jpg', 1),
(6, 'Sladice', 0, 4, 1, 'sladice.jpg', 2),
(7, 'Glavne jedi', 1, 1, 1, 'glavne_jedi.jpg', 3),
(8, 'Prigrizki', 1, 2, 1, 'prigrizki.jpg', 2),
(9, 'Tople pijače', 1, 3, 1, 'tople_pijace.jpg', 2);

-- --------------------------------------------------------

--
-- Table structure for table `contact`
--

DROP TABLE IF EXISTS `contact`;
CREATE TABLE `contact` (
  `id` int(11) NOT NULL,
  `id_rest` int(11) DEFAULT NULL,
  `mobile` int(11) DEFAULT NULL,
  `email` varchar(100) DEFAULT NULL,
  `country` varchar(100) DEFAULT NULL,
  `city` varchar(100) DEFAULT NULL,
  `postcode` int(5) DEFAULT NULL,
  `address` varchar(300) DEFAULT NULL
) ENGINE=InnoDB DEFAULT CHARSET=utf8mb4 COLLATE=utf8mb4_general_ci;

--
-- Dumping data for table `contact`
--

INSERT INTO `contact` (`id`, `id_rest`, `mobile`, `email`, `country`, `city`, `postcode`, `address`) VALUES
(1, 1, 15211515, 'info@cubo.si', 'Slovenija', 'Ljubljana', 1000, 'Šmartinska cesta 55');

-- --------------------------------------------------------

--
-- Table structure for table `ingredients`
--

DROP TABLE IF EXISTS `ingredients`;
CREATE TABLE `ingredients` (
  `id` int(11) NOT NULL,
  `name` varchar(200) DEFAULT NULL,
  `item_id` int(11) DEFAULT NULL
) ENGINE=InnoDB DEFAULT CHARSET=utf8mb4 COLLATE=utf8mb4_general_ci;

--
-- Dumping data for table `ingredients`
--

INSERT INTO `ingredients` (`id`, `name`, `item_id`) VALUES
(1, 'corned beef', 1),
(2, 'rhubarb', 1),
(3, 'pomegranates', 1),
(4, 'sweet chili sauce', 1),
(5, 'cashew nut', 1),
(6, 'pea beans', 1),
(7, 'borscht', 2),
(8, 'peaches', 2),
(9, 'chambord', 2),
(10, 'dates', 2),
(11, 'geese', 2),
(12, 'apples', 2),
(13, 'eggs', 2),
(14, 'pistachios', 2),
(15, 'buckwheat', 3),
(16, 'pasta', 3),
(17, 'hoisin sauce', 3),
(18, 'habanero chilies', 3),
(19, 'navy beans', 4),
(20, 'maple syrup', 4),
(21, 'plums', 4),
(22, 'rice vinegar', 4),
(23, 'monkfish', 4),
(24, 'capers', 4),
(25, 'catfish', 4),
(26, 'water', 4),
(27, 'garlic', 4),
(28, 'zinfandel wine', 5),
(29, 'oatmeal', 5),
(30, 'gelatin', 5),
(31, 'corn flour', 5),
(32, 'garlic', 6),
(33, 'chicory', 6),
(34, 'chives', 6),
(35, 'sugar', 6),
(36, 'milk', 6),
(37, 'kumquats', 6),
(38, 'rice', 6),
(39, 'butter', 6),
(40, 'venison', 6),
(41, 'oregano', 7),
(42, 'habanero chilies', 7),
(43, 'apple pie spice', 7),
(44, 'balsamic vinegar', 7),
(45, 'chicken', 7),
(46, 'catfish', 7),
(47, 'Worcestershire sauce', 7),
(48, 'broth', 7),
(49, 'pickles', 7),
(50, 'passion fruit', 8),
(51, 'pickles', 8),
(52, 'peanuts', 8),
(53, 'chard', 8),
(54, 'chicory', 9),
(55, 'cashew nut', 9),
(56, 'rosemary', 9),
(57, 'mustard', 9),
(58, 'mesclun greens', 9),
(59, 'Cappuccino Latte', 9),
(60, 'molasses', 9),
(61, 'catfish', 10),
(62, 'catfish', 10),
(63, 'mussels', 10),
(64, 'alfredo sauce', 10),
(65, 'chai', 10),
(66, 'pistachios', 11),
(67, 'flour', 11),
(68, 'kale', 11),
(69, 'kidney beans', 11),
(70, 'Goji berry', 11),
(71, 'raspberries', 11),
(72, 'Marsala', 11),
(73, 'cream cheese', 11),
(74, 'soy sauce', 11),
(75, 'capers', 12),
(76, 'chipotle peppers', 12),
(77, 'peaches', 12),
(78, 'grapes', 12),
(79, 'walnuts', 12),
(80, 'barley', 12),
(81, 'cilantro', 12),
(82, 'catfish', 12),
(83, 'coconut oil', 12),
(84, 'venison', 13),
(85, 'broth', 13),
(86, 'green beans', 13),
(87, 'navy beans', 13),
(88, 'mesclun greens', 13),
(89, 'spinach', 13),
(90, 'pumpkins', 13),
(91, 'pecans', 13),
(92, 'peanut butter', 13),
(93, 'celery seeds', 13),
(94, 'dumpling', 14),
(95, 'ancho chile peppers', 14),
(96, 'Goji berry', 14),
(97, 'flax seed', 14),
(98, 'grapes', 14),
(99, 'allspice', 14),
(100, 'sushi', 15),
(101, 'red snapper', 15),
(102, 'beans', 15),
(103, 'Goji berry', 15),
(104, 'passion fruit', 15),
(105, 'beans', 15),
(106, 'rice wine', 15),
(107, 'peas', 15),
(108, 'maraschino cherries', 16),
(109, 'plums', 16),
(110, 'eggs', 16),
(111, 'sage', 16),
(112, 'apple pie spice', 16),
(113, 'oatmeal', 16),
(114, 'monkfish', 16),
(115, 'chai', 16),
(116, 'artificial sweetener', 16),
(117, 'rhubarb', 17),
(118, 'bourbon', 17),
(119, 'cottage cheese', 17),
(120, 'bard', 17),
(121, 'chicory', 17),
(122, 'raspberries', 17),
(123, 'okra', 17),
(124, 'kumquats', 17),
(125, 'graham crackers', 17),
(126, 'adobo', 17),
(127, 'hoisin sauce', 18),
(128, 'chambord', 18),
(129, 'corn syrup', 18),
(130, 'oatmeal', 18),
(131, 'spearmint', 18),
(132, 'maraschino cherries', 18),
(133, 'custard', 18),
(134, 'monkfish', 18),
(135, 'Worcestershire sauce', 18),
(136, 'coconut oil', 19),
(137, 'bouillon', 19),
(138, 'geese', 19),
(139, 'apple pie spice', 19),
(140, 'cottage cheese', 19),
(141, 'graham crackers', 19),
(142, 'turtle', 19),
(143, 'chicory', 19),
(144, 'chard', 19),
(145, 'navy beans', 19),
(146, 'chai', 20),
(147, 'peanuts', 20),
(148, 'tomato sauce', 20),
(149, 'strawberries', 20),
(150, 'cucumbers', 20),
(151, 'cilantro', 20),
(152, 'apple pie spice', 21),
(153, 'pomegranates', 21),
(154, 'cilantro', 21),
(155, 'cream cheese', 21),
(156, 'cannellini beans', 21),
(157, 'ancho chile peppers', 21),
(158, 'wild rice', 21),
(159, 'rice wine', 21),
(160, 'breadcrumbs', 21),
(161, 'chili powder', 21),
(162, 'breadcrumbs', 22),
(163, 'okra', 22),
(164, 'tortillas', 22),
(165, 'wild rice', 22),
(166, 'remoulade', 22),
(167, 'milk', 22),
(168, 'breadcrumbs', 22),
(169, 'cucumbers', 22),
(170, 'shallots', 22),
(171, 'Canadian bacon', 23),
(172, 'raw sugar', 23),
(173, 'succotash', 23),
(174, 'oatmeal', 23),
(175, 'gouda', 23),
(176, 'pomegranates', 23),
(177, 'brandy', 23),
(178, 'peanuts', 23),
(179, 'oregano', 23),
(180, 'baking powder', 23),
(181, 'sherry', 24),
(182, 'garlic', 24),
(183, 'peas', 24),
(184, 'cashew nut', 24),
(185, 'pistachios', 24),
(186, 'navy beans', 25),
(187, 'rabbits', 25),
(188, 'mozzarella', 25),
(189, 'turkeys', 25),
(190, 'mustard', 25),
(191, 'peanuts', 25),
(192, 'blackberries', 25),
(193, 'garlic', 25),
(194, 'broccoli', 26),
(195, 'olives', 26),
(196, 'borscht', 26),
(197, 'Parmesan cheese', 26),
(198, 'raw sugar', 26),
(199, 'halibut', 26),
(200, 'hamburger', 27),
(201, 'flour', 27),
(202, 'mint', 27),
(203, 'cream of tartar', 27),
(204, 'pomegranates', 27),
(205, 'water', 27),
(206, 'chicory', 27),
(207, 'cider vinegar', 28),
(208, 'tea', 28),
(209, 'panko bread crumbs', 28),
(210, 'vermouth', 28),
(211, 'black olives', 28),
(212, 'apple pie spice', 28),
(213, 'apple butter', 29),
(214, 'allspice', 29),
(215, 'oregano', 29),
(216, 'pumpkins', 29),
(217, 'eggs', 30),
(218, 'red chile powder', 30),
(219, 'cider vinegar', 30),
(220, 'jelly beans', 30),
(221, 'rum', 30),
(222, 'cashew nut', 30),
(223, 'sage', 31),
(224, 'arugula', 31),
(225, 'curry powder', 31),
(226, 'red snapper', 31),
(227, 'pumpkins', 31),
(228, 'pickles', 31),
(229, 'hoisin sauce', 32),
(230, 'white chocolate', 32),
(231, 'macaroni', 32),
(232, 'peas', 32),
(233, 'baguette', 32),
(234, 'rum', 32),
(235, 'macaroni', 32),
(236, 'monkfish', 33),
(237, 'summer squash', 33),
(238, 'maraschino cherries', 33),
(239, 'capers', 33),
(240, 'cucumbers', 33),
(241, 'geese', 33),
(242, 'Parmesan cheese', 33),
(243, 'cream of tartar', 34),
(244, 'English muffins', 34),
(245, 'walnuts', 34),
(246, 'corn syrup', 34),
(247, 'cornmeal', 34),
(248, 'eggs', 34),
(249, 'celery seeds', 34),
(250, 'chives', 34),
(251, 'graham crackers', 34),
(252, 'pumpkins', 35),
(253, 'corn flour', 35),
(254, 'borscht', 35),
(255, 'sushi', 35),
(256, 'prawns', 35),
(257, 'chai', 36),
(258, 'sardines', 36),
(259, 'apples', 36),
(260, 'cottage cheese', 36),
(261, 'cream of tartar', 36),
(262, 'mustard', 36),
(263, 'dates', 36),
(264, 'olives', 36),
(265, 'gouda', 36),
(266, 'cider vinegar', 37),
(267, 'spinach', 37),
(268, 'crabs', 37),
(269, 'halibut', 37),
(270, 'yogurt', 38),
(271, 'rice wine', 38),
(272, 'Parmesan cheese', 38),
(273, 'artificial sweetener', 38),
(274, 'sausages', 38),
(275, 'venison', 39),
(276, 'zinfandel wine', 39),
(277, 'almonds', 39),
(278, 'cider vinegar', 39),
(279, 'borscht', 39),
(280, 'rice paper', 39),
(281, 'bard', 39),
(282, 'rice wine', 39),
(283, 'artificial sweetener', 40),
(284, 'mustard', 40),
(285, 'pomegranates', 40),
(286, 'hash browns', 40),
(287, 'Cappuccino Latte', 40),
(288, 'wild rice', 41),
(289, 'panko bread crumbs', 41),
(290, 'water', 41),
(291, 'peanut butter', 41),
(292, 'sweet chili sauce', 42),
(293, 'Romano cheese', 42),
(294, 'pepper', 42),
(295, 'bard', 42),
(296, 'peas', 42),
(297, 'raisins', 42),
(298, 'flour', 43),
(299, 'adobo', 43),
(300, 'balsamic vinegar', 43),
(301, 'croutons', 43),
(302, 'almond paste', 43),
(303, 'summer squash', 43),
(304, 'garlic', 43),
(305, 'green beans', 43),
(306, 'capers', 43),
(307, 'red snapper', 43),
(308, 'vermouth', 44),
(309, 'buckwheat', 44),
(310, 'grapes', 44),
(311, 'mussels', 44),
(312, 'kale', 44),
(313, 'Parmesan cheese', 44),
(314, 'peanut butter', 44),
(315, 'raw sugar', 44),
(316, 'pecans', 44),
(317, 'apple pie spice', 45),
(318, 'ginger ale', 45),
(319, 'capers', 45),
(320, 'chambord', 45),
(321, 'shrimp', 45),
(322, 'corn flour', 46),
(323, 'plums', 46),
(324, 'cauliflower', 46),
(325, 'curry powder', 46),
(326, 'black olives', 46),
(327, 'eggplants', 46),
(328, 'chai', 46),
(329, 'cashew nut', 46),
(330, 'cream of tartar', 46),
(331, 'ale', 47),
(332, 'cucumbers', 47),
(333, 'black olives', 47),
(334, 'chaurice sausage', 47),
(335, 'adobo', 47),
(336, 'hoisin sauce', 47),
(337, 'gorgonzola', 47),
(338, 'cottage cheese', 47),
(339, 'figs', 48),
(340, 'passion fruit', 48),
(341, 'habanero chilies', 48),
(342, 'okra', 48),
(343, 'baguette', 48),
(344, 'sardines', 48),
(345, 'oregano', 48),
(346, 'chili powder', 48),
(347, 'celery', 48),
(348, 'liver', 48),
(349, 'grits', 49),
(350, 'broccoli', 49),
(351, 'artificial sweetener', 49),
(352, 'crabs', 49),
(353, 'mesclun greens', 50),
(354, 'ancho chile peppers', 50),
(355, 'hash browns', 50),
(356, 'cream cheese', 50),
(357, 'plums', 51),
(358, 'Goji berry', 51),
(359, 'plantains', 51),
(360, 'pickles', 51),
(361, 'tea', 51),
(362, 'apple pie spice', 51),
(363, 'sherry', 52),
(364, 'tomato juice', 52),
(365, 'celery seeds', 52),
(366, 'ginger ale', 52),
(367, 'venison', 53),
(368, 'brandy', 53),
(369, 'Marsala', 53),
(370, 'barley', 53),
(371, 'pears', 53),
(372, 'moo shu wrappers', 53),
(373, 'graham crackers', 54),
(374, 'white chocolate', 54),
(375, 'mustard', 54),
(376, 'grits', 54),
(377, 'hash browns', 55),
(378, 'mozzarella', 55),
(379, 'tomato sauce', 55),
(380, 'Cappuccino Latte', 55),
(381, 'graham crackers', 55),
(382, 'hoisin sauce', 56),
(383, 'Kahlua', 56),
(384, 'chipotle peppers', 56),
(385, 'prosciutto', 56),
(386, 'butter', 57),
(387, 'croutons', 57),
(388, 'borscht', 57),
(389, 'sugar', 57),
(390, 'chambord', 57),
(391, 'arugula', 57),
(392, 'almond paste', 57),
(393, 'gelatin', 57),
(394, 'prawns', 57),
(395, 'beans', 58),
(396, 'brown rice', 58),
(397, 'buckwheat', 58),
(398, 'catfish', 58),
(399, 'beans', 58),
(400, 'almond paste', 58),
(401, 'guavas', 58),
(402, 'rice wine', 58),
(403, 'octopus', 59),
(404, 'ginger ale', 59),
(405, 'wild rice', 59),
(406, 'figs', 59),
(407, 'green beans', 59),
(408, 'sausages', 59),
(409, 'almond paste', 59),
(410, 'raspberries', 59),
(411, 'ketchup', 60),
(412, 'broth', 60),
(413, 'okra', 60),
(414, 'corn flour', 60),
(415, 'figs', 60),
(416, 'catfish', 60),
(417, 'brown rice', 60),
(418, 'sausages', 61),
(419, 'adobo', 61),
(420, 'croutons', 61),
(421, 'dumpling', 61),
(422, 'shitakes', 61),
(423, 'cream of tartar', 61),
(424, 'chestnuts', 62),
(425, 'pomegranates', 62),
(426, 'cornmeal', 62),
(427, 'venison', 62),
(428, 'white chocolate', 62),
(429, 'white chocolate', 62),
(430, 'pecans', 62),
(431, 'celery', 63),
(432, 'breadcrumbs', 63),
(433, 'apple butter', 63),
(434, 'red snapper', 63),
(435, 'peanut butter', 63),
(436, 'corn syrup', 63),
(437, 'rhubarb', 63),
(438, 'maraschino cherries', 63),
(439, 'pecans', 64),
(440, 'mozzarella', 64),
(441, 'succotash', 64),
(442, 'beans', 64),
(443, 'rice vinegar', 64),
(444, 'adobo', 64),
(445, 'ketchup', 65),
(446, 'navy beans', 65),
(447, 'panko bread crumbs', 65),
(448, 'kumquats', 65),
(449, 'mozzarella', 65),
(450, 'maraschino cherries', 65),
(451, 'eggplants', 66),
(452, 'sweet chili sauce', 66),
(453, 'zinfandel wine', 66),
(454, 'zinfandel wine', 66),
(455, 'grapes', 66),
(456, 'pecans', 67),
(457, 'brandy', 67),
(458, 'oatmeal', 67),
(459, 'rabbits', 67),
(460, 'prawns', 67),
(461, 'clams', 68),
(462, 'baking powder', 68),
(463, 'olives', 68),
(464, 'peaches', 68),
(465, 'gelatin', 69),
(466, 'crabs', 69),
(467, 'milk', 69),
(468, 'Marsala', 69),
(469, 'cottage cheese', 69),
(470, 'pea beans', 70),
(471, 'summer squash', 70),
(472, 'olives', 70),
(473, 'zinfandel wine', 70),
(474, 'white chocolate', 70),
(475, 'corned beef', 70),
(476, 'jelly beans', 70),
(477, 'raw sugar', 71),
(478, 'broccoli raab', 71),
(479, 'eggs', 71),
(480, 'Canadian bacon', 71),
(481, 'peas', 71),
(482, 'grapes', 71),
(483, 'catfish', 71),
(484, 'curry powder', 71),
(485, 'shitakes', 71),
(486, 'brown rice', 71),
(487, 'shallots', 72),
(488, 'cantaloupes', 72),
(489, 'dried leeks', 72),
(490, 'rum', 72),
(491, 'rum', 72),
(492, 'chicory', 72),
(493, 'okra', 72),
(494, 'spearmint', 72),
(495, 'Irish cream liqueur', 72),
(496, 'bean threads', 72),
(497, 'bourbon', 73),
(498, 'sage', 73),
(499, 'arugula', 73),
(500, 'dates', 73),
(501, 'pepper', 73),
(502, 'ale', 73),
(503, 'milk', 74),
(504, 'celery', 74),
(505, 'shitakes', 74),
(506, 'rice vinegar', 74),
(507, 'kumquats', 74),
(508, 'rum', 74),
(509, 'okra', 74),
(510, 'dates', 75),
(511, 'beer', 75),
(512, 'apple pie spice', 75),
(513, 'bananas', 75),
(514, 'olives', 75),
(515, 'shallots', 75),
(516, 'chipotle peppers', 75),
(517, 'balsamic vinegar', 75),
(518, 'chambord', 75),
(519, 'summer squash', 75),
(520, 'cantaloupes', 76),
(521, 'red chile powder', 76),
(522, 'cider vinegar', 76),
(523, 'prosciutto', 76),
(524, 'oatmeal', 76),
(525, 'plums', 76),
(526, 'sushi', 76),
(527, 'white chocolate', 77),
(528, 'dumpling', 77),
(529, 'ginger ale', 77),
(530, 'cilantro', 77),
(531, 'broth', 77),
(532, 'green beans', 77),
(533, 'green beans', 77),
(534, 'Goji berry', 78),
(535, 'coconut oil', 78),
(536, 'corned beef', 78),
(537, 'cashew nut', 78),
(538, 'alfredo sauce', 78),
(539, 'jelly beans', 78),
(540, 'chambord', 78),
(541, 'pumpkins', 79),
(542, 'white chocolate', 79),
(543, 'garlic', 79),
(544, 'mint', 79),
(545, 'tea', 79),
(546, 'kale', 79),
(547, 'breadcrumbs', 79),
(548, 'celery', 79),
(549, 'almonds', 79),
(550, 'turtle', 80),
(551, 'cottage cheese', 80),
(552, 'ancho chile peppers', 80),
(553, 'celery seeds', 80),
(554, 'bard', 80),
(555, 'oregano', 81),
(556, 'bard', 81),
(557, 'clams', 81),
(558, 'rice vinegar', 81),
(559, 'chard', 81),
(560, 'almond paste', 81),
(561, 'pasta', 81),
(562, 'brown rice', 81),
(563, 'plums', 81),
(564, 'turkeys', 81),
(565, 'yogurt', 82),
(566, 'pistachios', 82),
(567, 'breadcrumbs', 82),
(568, 'flour', 82),
(569, 'ginger', 82),
(570, 'brandy', 82),
(571, 'turkeys', 82),
(572, 'Irish cream liqueur', 83),
(573, 'cantaloupes', 83),
(574, 'crabs', 83),
(575, 'corned beef', 83),
(576, 'flax seed', 83),
(577, 'oatmeal', 83),
(578, 'cod', 83),
(579, 'capers', 84),
(580, 'rabbits', 84),
(581, 'buckwheat', 84),
(582, 'macaroni', 84),
(583, 'pepper', 84),
(584, 'adobo', 84),
(585, 'rice vinegar', 84),
(586, 'corn syrup', 85),
(587, 'red snapper', 85),
(588, 'arugula', 85),
(589, 'shitakes', 85),
(590, 'celery seeds', 85),
(591, 'pepper', 85),
(592, 'dumpling', 85),
(593, 'okra', 85),
(594, 'chili powder', 86),
(595, 'pistachios', 86),
(596, 'kale', 86),
(597, 'mussels', 86),
(598, 'summer squash', 86),
(599, 'chaurice sausage', 86),
(600, 'adobo', 86),
(601, 'ancho chile peppers', 86),
(602, 'chicken', 86),
(603, 'zinfandel wine', 86),
(604, 'pears', 87),
(605, 'gorgonzola', 87),
(606, 'dates', 87),
(607, 'olives', 87),
(608, 'cilantro', 87),
(609, 'spinach', 88),
(610, 'pickles', 88),
(611, 'octopus', 88),
(612, 'mozzarella', 88),
(613, 'crabs', 89),
(614, 'graham crackers', 89),
(615, 'eggplants', 89),
(616, 'alfredo sauce', 89),
(617, 'beer', 89),
(618, 'chipotle peppers', 89),
(619, 'water', 89),
(620, 'moo shu wrappers', 89),
(621, 'sushi', 90),
(622, 'bourbon', 90),
(623, 'tea', 90),
(624, 'almonds', 90),
(625, 'turkeys', 90),
(626, 'white chocolate', 90),
(627, 'summer squash', 90),
(628, 'prawns', 90),
(629, 'dates', 90),
(630, 'Romano cheese', 91),
(631, 'maraschino cherries', 91),
(632, 'pea beans', 91),
(633, 'Romano cheese', 91),
(634, 'kumquats', 91),
(635, 'ginger ale', 91),
(636, 'vermouth', 92),
(637, 'corn syrup', 92),
(638, 'sour cream', 92),
(639, 'geese', 92),
(640, 'flax seed', 92),
(641, 'okra', 92),
(642, 'chicken', 92),
(643, 'molasses', 92),
(644, 'walnuts', 93),
(645, 'garlic', 93),
(646, 'cantaloupes', 93),
(647, 'balsamic vinegar', 93),
(648, 'apples', 93),
(649, 'pears', 93),
(650, 'baking powder', 93),
(651, 'bananas', 93),
(652, 'raisins', 93),
(653, 'pecans', 93),
(654, 'celery', 94),
(655, 'peanut butter', 94),
(656, 'raspberries', 94),
(657, 'tea', 94),
(658, 'cashew nut', 94),
(659, 'navy beans', 94),
(660, 'spearmint', 94),
(661, 'Cappuccino Latte', 94),
(662, 'ancho chile peppers', 94),
(663, 'blackberries', 94),
(664, 'cornmeal', 95),
(665, 'chives', 95),
(666, 'olives', 95),
(667, 'pasta', 95),
(668, 'flax seed', 95),
(669, 'rabbits', 95),
(670, 'gorgonzola', 95),
(671, 'plantains', 95),
(672, 'chili powder', 95),
(673, 'plantains', 95),
(674, 'plums', 96),
(675, 'sage', 96),
(676, 'chestnuts', 96),
(677, 'rum', 96),
(678, 'moo shu wrappers', 96),
(679, 'flax seed', 96),
(680, 'almond paste', 96),
(681, 'ale', 96),
(682, 'coconut oil', 97),
(683, 'corn flour', 97),
(684, 'zinfandel wine', 97),
(685, 'flax seed', 97),
(686, 'halibut', 97),
(687, 'rice', 97),
(688, 'lettuce', 97),
(689, 'pepper', 97),
(690, 'sage', 97),
(691, 'bard', 98),
(692, 'broccoli raab', 98),
(693, 'croutons', 98),
(694, 'clams', 98),
(695, 'cilantro', 98),
(696, 'corn syrup', 99),
(697, 'celery seeds', 99),
(698, 'dates', 99),
(699, 'garlic', 99),
(700, 'arugula', 100),
(701, 'molasses', 100),
(702, 'maple syrup', 100),
(703, 'swiss cheese', 100),
(704, 'turkeys', 100),
(705, 'poultry seasoning', 100),
(706, 'panko bread crumbs', 100),
(707, 'English muffins', 100),
(708, 'cream cheese', 100),
(709, 'swiss cheese', 101),
(710, 'mozzarella', 101),
(711, 'mussels', 101),
(712, 'rice vinegar', 101),
(713, 'ancho chile peppers', 102),
(714, 'barley', 102),
(715, 'strawberries', 102),
(716, 'Romano cheese', 102),
(717, 'turtle', 102),
(718, 'swiss cheese', 102),
(719, 'apple butter', 102),
(720, 'sage', 102),
(721, 'cauliflower', 103),
(722, 'custard', 103),
(723, 'summer squash', 103),
(724, 'yogurt', 103),
(725, 'almonds', 103),
(726, 'peanut butter', 103),
(727, 'panko bread crumbs', 103),
(728, 'hoisin sauce', 103),
(729, 'pickles', 103),
(730, 'gouda', 104),
(731, 'halibut', 104),
(732, 'mesclun greens', 104),
(733, 'chambord', 104),
(734, 'corn flour', 104),
(735, 'tea', 104),
(736, 'halibut', 104),
(737, 'chaurice sausage', 104),
(738, 'corn syrup', 104),
(739, 'cashew nut', 104),
(740, 'cashew nut', 105),
(741, 'flax seed', 105),
(742, 'cashew nut', 105),
(743, 'water', 105),
(744, 'baking powder', 105),
(745, 'sugar', 105),
(746, 'prawns', 105),
(747, 'hamburger', 105),
(748, 'peas', 105),
(749, 'bouillon', 105),
(750, 'arugula', 106),
(751, 'plums', 106),
(752, 'applesauce', 106),
(753, 'flour', 106),
(754, 'turkeys', 106),
(755, 'shitakes', 106),
(756, 'custard', 106),
(757, 'bean threads', 107),
(758, 'buckwheat', 107),
(759, 'bourbon', 107),
(760, 'pears', 107),
(761, 'shitakes', 107),
(762, 'pomegranates', 107),
(763, 'succotash', 107),
(764, 'arugula', 107),
(765, 'allspice', 108),
(766, 'crabs', 108),
(767, 'wild rice', 108),
(768, 'artificial sweetener', 108),
(769, 'tea', 108),
(770, 'jelly beans', 108),
(771, 'jelly beans', 108),
(772, 'prosciutto', 108),
(773, 'chestnuts', 109),
(774, 'pears', 109),
(775, 'peanuts', 109),
(776, 'Marsala', 109),
(777, 'cream cheese', 109),
(778, 'hash browns', 109),
(779, 'chaurice sausage', 109),
(780, 'rhubarb', 109),
(781, 'clams', 109),
(782, 'tortillas', 110),
(783, 'zinfandel wine', 110),
(784, 'pico de gallo', 110),
(785, 'blackberries', 110),
(786, 'habanero chilies', 111),
(787, 'gelatin', 111),
(788, 'mustard', 111),
(789, 'baking powder', 111),
(790, 'lettuce', 111),
(791, 'rosemary', 111),
(792, 'tea', 112),
(793, 'rice paper', 112),
(794, 'chili powder', 112),
(795, 'rabbits', 112),
(796, 'monkfish', 112),
(797, 'rice paper', 112),
(798, 'coconut oil', 112),
(799, 'ginger ale', 112),
(800, 'gelatin', 113),
(801, 'ginger', 113),
(802, 'cottage cheese', 113),
(803, 'sardines', 113),
(804, 'mint', 113),
(805, 'okra', 113),
(806, 'spearmint', 113),
(807, 'cantaloupes', 113),
(808, 'Marsala', 114),
(809, 'baguette', 114),
(810, 'gelatin', 114),
(811, 'corned beef', 114),
(812, 'spinach', 114),
(813, 'tomato sauce', 114),
(814, 'cannellini beans', 114),
(815, 'buckwheat', 114),
(816, 'chaurice sausage', 115),
(817, 'corn flour', 115),
(818, 'buckwheat', 115),
(819, 'Parmesan cheese', 115),
(820, 'alfredo sauce', 115),
(821, 'shallots', 115),
(822, 'oregano', 115),
(823, 'garlic', 115),
(824, 'poultry seasoning', 115),
(825, 'chard', 115),
(826, 'vermouth', 116),
(827, 'cod', 116),
(828, 'chambord', 116),
(829, 'brandy', 116),
(830, 'bean threads', 116),
(831, 'sausages', 116),
(832, 'capers', 116),
(833, 'sardines', 116),
(834, 'rice vinegar', 117),
(835, 'croutons', 117),
(836, 'blackberries', 117),
(837, 'ale', 117),
(838, 'yogurt', 117),
(839, 'Canadian bacon', 117),
(840, 'cream cheese', 117),
(841, 'bard', 117),
(842, 'bard', 117),
(843, 'artificial sweetener', 117);

-- --------------------------------------------------------

--
-- Table structure for table `item`
--

DROP TABLE IF EXISTS `item`;
CREATE TABLE `item` (
  `id` int(11) NOT NULL,
  `name` varchar(200) DEFAULT NULL,
  `image` varchar(200) DEFAULT NULL,
  `description` varchar(2000) DEFAULT NULL,
  `subcategory_id` int(11) DEFAULT NULL,
  `price` double DEFAULT NULL,
  `price_unit` varchar(10) DEFAULT NULL
) ENGINE=InnoDB DEFAULT CHARSET=utf8mb4 COLLATE=utf8mb4_general_ci;

--
-- Dumping data for table `item`
--

INSERT INTO `item` (`id`, `name`, `image`, `description`, `subcategory_id`, `price`, `price_unit`) VALUES
(1, '﻿Goveja juha', 'default.jpg', 'Okusna goveja juha z zelenjavo in rezinami govejega mesa', 1, 3.5, 'EUR'),
(2, 'Korenčkova juha', '86134_Carrotsoup.png', 'Sveža in osvežilna juha iz korenja z začimbami', 1, 4, 'EUR'),
(3, 'Paradižnikova juha', '229783_Tomatosoup.png', 'Topla juha iz svežih paradižnikov z začimbami', 1, 3.75, 'EUR'),
(4, 'Lečina juha', '235779_Lentilsoup.png', 'Okusna juha iz leče z zelenjavo in začimbami', 1, 3.5, 'EUR'),
(5, 'Cvetačna juha', '307726_Cauliflowersoup.png', 'Sveža juha iz cvetače z začimbami in kremastim mlekom', 1, 3.2, 'EUR'),
(6, 'Milk shake', 'default.jpg', 'Mlečni napitek', 2, 3.5, 'EUR'),
(7, 'Frape', 'default.jpg', 'Borovnica, gozdni sadeži, banana', 2, 4.2, 'EUR'),
(8, 'Gosti sok s smetano ', 'default.jpg', 'Gosti sok s smetano ', 2, 2.8, 'EUR'),
(9, 'Bananin napitek', 'default.jpg', 'naravni pomarančni sok, banana, med ', 2, 3.4, 'EUR'),
(10, 'Limonada', 'default.jpg', 'Naravno iztisnjena limonada', 2, 2.1, 'EUR'),
(11, 'Coca cola', 'default.jpg', '3dl', 3, 2.2, 'EUR'),
(12, 'Fanta', 'default.jpg', '3dl', 3, 2.2, 'EUR'),
(13, 'Sprite', 'default.jpg', '3dl', 3, 2.2, 'EUR'),
(14, 'Bitter Lemon', 'default.jpg', '3dl', 3, 2.2, 'EUR'),
(15, 'Orangina', 'default.jpg', '3dl', 3, 2.3, 'EUR'),
(16, 'Tonic', 'default.jpg', '3dl', 3, 2.2, 'EUR'),
(17, 'Cockta', 'default.jpg', '3dl', 3, 2.2, 'EUR'),
(18, 'Sok v steklenički', 'default.jpg', 'jagoda, pomaranča, breskev - 3 dl', 3, 2.2, 'EUR'),
(19, 'Radenska', 'default.jpg', '3dl', 3, 1.6, 'EUR'),
(20, 'Oaza', 'default.jpg', '5dl', 3, 1.6, 'EUR'),
(21, 'Negazirana voda', 'default.jpg', '5dl', 3, 1.8, 'EUR'),
(22, 'Ledeni čaj', 'default.jpg', '1dl', 3, 0.9, 'EUR'),
(23, 'Red Bull', 'default.jpg', '0,33l', 3, 3.5, 'EUR'),
(24, 'Točeno pivo', 'default.jpg', '0,5l', 4, 2.4, 'EUR'),
(25, 'Union', 'default.jpg', '0,5l', 4, 3.1, 'EUR'),
(26, 'Zlatorog', 'default.jpg', '0,5l', 4, 2.8, 'EUR'),
(27, 'Heineken', 'default.jpg', '0,5l', 4, 3.3, 'EUR'),
(28, 'Radler', 'default.jpg', '0,5l', 4, 2.8, 'EUR'),
(29, 'Brezalkoholno pivo', 'default.jpg', '0,5l', 4, 3.5, 'EUR'),
(30, 'Somersby', 'default.jpg', '0,5l', 5, 3.1, 'EUR'),
(31, 'Jabolčni TAT', 'default.jpg', '0,33l', 5, 2.8, 'EUR'),
(32, 'Jack Daniels', 'default.jpg', '0,03l', 6, 3.5, 'EUR'),
(33, 'Johnnie Walker red label', 'default.jpg', '0,03l', 6, 3.5, 'EUR'),
(34, 'Jameson', 'default.jpg', '0,33l', 6, 3.5, 'EUR'),
(35, 'Domači rum', 'default.jpg', '0,03l', 6, 3.5, 'EUR'),
(36, 'Gin Beefeater', 'default.jpg', '0,03l', 6, 3.5, 'EUR'),
(37, 'Grappa', 'default.jpg', '0,33l', 6, 3.5, 'EUR'),
(38, 'Stock', 'default.jpg', '0,03l', 6, 3.5, 'EUR'),
(39, 'Sadjevec', 'default.jpg', '0,03l', 6, 3.5, 'EUR'),
(40, 'Travarica', 'default.jpg', '0,33l', 6, 2.8, 'EUR'),
(41, 'Belo vino', 'default.jpg', '0,1l', 7, 1.4, 'EUR'),
(42, 'Rdeče vino', 'default.jpg', '0,1l', 7, 1.4, 'EUR'),
(43, 'Srebrna penina', 'default.jpg', '0,1l', 7, 1.6, 'EUR'),
(44, 'Zlata penina', 'default.jpg', '0,1l', 7, 1.6, 'EUR'),
(45, 'Prima classica', '493773_Pizza.png', 'Pica obložena z šunko, sirom in gobami', 8, 7.6, 'EUR'),
(46, 'Prima cremissima', '343862_Pizzamargherita.png', 'Pica obložena s šunko, sirom in gobovo kremo', 8, 7.9, 'EUR'),
(47, 'Prima fresca', '413157_Pizza.png', 'Pica obložena s sirom, panceto, rukolo, svežo papriko in šampinjoni', 8, 8.3, 'EUR'),
(48, 'Prima giavola', 'default.jpg', 'Pica obložena s sirom, salamo, feferoni, papriko in šampinjoni', 8, 8.6, 'EUR'),
(49, 'Prima mexicana', '401787_Pizza.png', 'Pica obložena z mletim mesom, nacho sirom, rdečim fižolem, papriko in koruzo', 8, 8.6, 'EUR'),
(50, 'Con Salame', '315359_Pizzamargherita.png', 'Pica obložena s sirom, šunko, kuhanim pršutom, suho salamo in gobami', 8, 8.8, 'EUR'),
(51, 'Con Prosciutto', '594941_Pizza.png', 'Pica obložena s sirom, pršutom in gobami', 8, 8.6, 'EUR'),
(52, 'Caprese', 'default.jpg', 'Pica obložena z rukolo, sirom, mozzarello in paradižnikom', 8, 7.6, 'EUR'),
(53, 'Margherita', 'default.jpg', 'Pica obložena s sirom in olivo', 8, 6.1, 'EUR'),
(54, 'Con Tonno', 'default.jpg', 'Pica obložena s sirom, tuno, tržasko omako in paradižnikom', 9, 8.2, 'EUR'),
(55, 'Frutti di mare', 'default.jpg', 'Pica obložena s sirom, gamberi, dagnji, lignji in tržasko omako', 9, 10.6, 'EUR'),
(56, 'Prima triesta', 'default.jpg', 'Pica obložena s sirom, panceto, vratovino, pečeno papriko in tržaško omako', 10, 8.8, 'EUR'),
(57, 'Prima speciale', 'default.jpg', 'Pica obložena s sirom, umešanim jajčko, mozzarello, budjolo in rukolo', 10, 10.9, 'EUR'),
(58, 'Margherita', 'default.jpg', 'Napoletana pica obložena s šunko, sirom in gobovo kremo', 11, 7.6, 'EUR'),
(59, 'Calabrese', 'default.jpg', 'Napoletana pica obložena s šunko, sirom in gobovo kremo', 11, 11.3, 'EUR'),
(60, 'Budjola al pistacchio', 'default.jpg', 'Napoletana pica obložena s šunko, sirom in gobovo kremo', 11, 9.8, 'EUR'),
(61, 'Vegetariano', 'default.jpg', 'Napoletana pica obložena s šunko, sirom in gobovo kremo', 11, 8.8, 'EUR'),
(62, 'Napoletana', 'default.jpg', 'Napoletana pica obložena s šunko, sirom in gobovo kremo', 11, 9.3, 'EUR'),
(63, 'Capricciosa', 'default.jpg', 'Napoletana pica obložena s šunko, sirom in gobovo kremo', 11, 9.2, 'EUR'),
(64, 'Zelenjava', 'default.jpg', 'pelati, paradižnik, paprika, melancani, artičoke, beluši, koruza, feferoni, rukola', 12, 1.2, 'EUR'),
(65, 'Salame', 'default.jpg', 'šunka, kuhan pršut, vratovina, suha salama, hrenovka, pršut, budjola, panceta', 12, 2.2, 'EUR'),
(66, 'Siri', 'default.jpg', 'trdi sir, mozzarella, beli sir, nacho sir, grana padano', 12, 2.2, 'EUR'),
(67, 'Gobe', 'default.jpg', 'šampinjoni, jurčki', 12, 1.4, 'EUR'),
(68, 'Morski sadeži', 'default.jpg', 'mešani morski sadeži, škampi, inčuni', 12, 2.2, 'EUR'),
(69, 'Omake in prelivi', 'default.jpg', 'jurčkova omaka, tržaška omaka, tatarska omaka, kisla smetana,', 12, 2, 'EUR'),
(70, 'Jajce', 'default.jpg', '', 12, 0.8, 'EUR'),
(71, 'Gratinirane palačinke s skuto', 'default.jpg', 'Palačinke s skuto zapečene v krušni peči', 13, 4.6, 'EUR'),
(72, 'Palačinke', '112079_Pancakeswithchocolatesauce.png', 'Palačinke s čokolado, marmelado, lešniki ali orehi', 13, 4.1, 'EUR'),
(73, 'Brownie', '371806_Brownie.png', 'Topli čokoladni biskvit, sladoled, lešniki', 13, 5.2, 'EUR'),
(74, 'Banana split', '494334_Bananasplit.png', '', 13, 5.2, 'EUR'),
(75, 'Sladoled kepica', '324444_Bananaspliticecream.png', 'Izberite si okus pri sladoledni vitrini', 13, 1.5, 'EUR'),
(76, 'Svedri z gamberi in pinjolami', 'default.jpg', 'Gamberi, pesto, pinjole, češnjev paradižnik, ricotta, paradižnikova omaka, grana padano…', 14, 11.2, 'EUR'),
(77, 'Rezanci z morskimi sadeži', 'default.jpg', 'gamberi, dagnje, lignji, česen, vino, paradižnikova omaka', 14, 11.2, 'EUR'),
(78, 'Tris testenin', 'default.jpg', 'Široki rezanci s smetano in pršutom, tortelini s sirom z modro plesnijo, njoki s štirimi zelišči', 14, 9.4, 'EUR'),
(79, 'Toskanski tris', 'default.jpg', 'Svedri s pomarančo, poprom in piščancem, rižota z jurčki in dimljenim sirom, široki rezanci s smetano in pršutom…', 14, 9.6, 'EUR'),
(80, 'Tris klasika', 'default.jpg', 'Špageti po bolonjsko, njoki carbonara, mesna lazanja…', 14, 9.4, 'EUR'),
(81, 'Lazanja z bolonjsko omako', 'default.jpg', 'Testnina, mleto meso s paradižnikovo omako, bešamel, grana padano, kisla smetana, sir…', 14, 8.1, 'EUR'),
(82, 'Njoki s 4 siri', 'default.jpg', 'Njoki s sirom z modro plesnijo, ementalcem, dimljenim sirom, in grana padanom, zapečni v krušni peči', 14, 9.6, 'EUR'),
(83, 'Tortelini s sirom', 'default.jpg', 'Tortelini s sirom z modro plesnijo, bučkami, korenjem in smetano, zapčeni v krušni peči', 14, 10.9, 'EUR'),
(84, 'Classic burger', '118498_Burger.png', 'Ketchup, majoneza, govedina, zelena solata, čebula, paradižnik', 15, 7.6, 'EUR'),
(85, 'Cheeseburger', '140216_Cheeseburger.png', 'Ketchup, majoneza, govedina, zelena solata, čebula, paradižnik, sir', 15, 7.8, 'EUR'),
(86, 'Chickenburger', '226363_Chickenburger.png', 'Ketchup, majoneza, piščančja prsa, zelena solata, čebula, paradižnik', 15, 7.5, 'EUR'),
(87, 'Mexico burger', '125974_Mexicoburger.png', 'Koktejl omaka, omaka chili pop, goveje meso, jalapeno paprika, paradižnik, kumare', 15, 7.9, 'EUR'),
(88, 'Puranji zrezek po dunajsko', '32788_Wienerschnitzel.png', 'S prilogo: ocvrt krompirčk, tatarska omaka', 16, 8.6, 'EUR'),
(89, 'Ocvrt piščančji file', '302114_Wienerschnitzel.png', 'Polnjen s šunko in sirom, priložen pomfrit in tatarska omaka', 16, 8.9, 'EUR'),
(90, 'Puranji zrezek s sirom, smetano in gobami', '113022_Wienerschnitzel.png', 'Priloga: krompirjevi kroketi', 16, 9.1, 'EUR'),
(91, 'Ocvrti lignji', '347514_Friedsquid.png', 'Priloga: ocvrt krompirčk, tatarska omaka', 16, 11.2, 'EUR'),
(92, 'Ocvrt sir', '571108_Grilledcheese.png', 'Priloga: ocvrt krompirčk, tatarska omaka', 16, 7.9, 'EUR'),
(93, 'Rižota s piščancem in gobami', '599170_Risottowithvegetables.png', 'Piščančji file, gobe, smetana…', 17, 8.6, 'EUR'),
(94, 'Paella', 'default.jpg', 'Piščančji file, gamberi, paradižnik, smetana, rukola, češnjev paradižnik, grana padano..', 17, 11.5, 'EUR'),
(95, 'Rižota z zelenjavo', '353340_Risottowithvegetables.png', 'Paprika, bučke, por, paradižnik, smetana, rukola, češnjev paradižnik, grana padano…', 17, 6.9, 'EUR'),
(96, 'Rižota z roastbeefom', '396846_Risottowithvegetables.png', 'Roastbeef, sušeni paradižniki, paradižnikova omaka, rukala, češnjev paradižnik, grana padano…', 17, 12.2, 'EUR'),
(97, 'Tunina solata', '60672_Tunasalad.png', 'Zelena solata, radič, rukola, tuna, koromač, koruza, tatarska omaka', 18, 7.2, 'EUR'),
(98, 'Mixta', 'default.jpg', 'Zelena solata, radič, koruza, rukola, ribani beli sir, olive, hišni preliv…', 18, 6.9, 'EUR'),
(99, 'Solata z mozzarello', 'default.jpg', 'Zelena solata, radič, koruza, rukola, mozzarella, olive, hišni preliv…', 18, 6.9, 'EUR'),
(100, 'Ocvrta solata', 'default.jpg', 'Zelena solata, rukola, radič, ocvrte bučke, paprika in melancani, ocvrt sir, tatarska omaka…', 18, 9.2, 'EUR'),
(101, 'Piščančja solata', 'default.jpg', 'Piščanec v smetanovi omaki, zelena solata, radič, rukola, jajčevci, sojina omaka, balzamični kis…', 18, 8.1, 'EUR'),
(102, 'Cezarjeva solata', 'default.jpg', 'Zelena solata, radič, piščanec, kruhovke kocke, jajce, rukola, koruza, balzamični preliv…', 18, 7.9, 'EUR'),
(103, 'Pomrit', 'default.jpg', '', 19, 3.5, 'EUR'),
(104, 'Takitosi', 'default.jpg', 'Ocvrti zavitki iz tortilij polnjene s piščancem', 19, 7.2, 'EUR'),
(105, 'Zelenjavni takitosi', 'default.jpg', 'Ocvrti zavitki iz tortilij polnjene z zelenjavo', 19, 7, 'EUR'),
(106, 'Hrenovke v listnatem testu', 'default.jpg', 'Hrenavke zavite v listanto testo in polite z jajcem', 19, 5.6, 'EUR'),
(107, 'Kava', 'default.jpg', '', 20, 1.3, 'EUR'),
(108, 'Macchiato', 'default.jpg', '', 20, 1.6, 'EUR'),
(109, 'Kava s smetano', 'default.jpg', '', 20, 1.6, 'EUR'),
(110, 'Bela kava', 'default.jpg', '', 20, 1.9, 'EUR'),
(111, 'Brezkofeinska kava', 'default.jpg', '', 20, 1.6, 'EUR'),
(112, 'Irska kava', 'default.jpg', '', 21, 4.3, 'EUR'),
(113, 'Ledena kava', 'default.jpg', '', 21, 3.9, 'EUR'),
(114, 'Čaj', 'default.jpg', 'Različni okusi', 22, 1.4, 'EUR'),
(115, 'Vroča čokolada', 'default.jpg', '', 22, 2.2, 'EUR'),
(116, 'Kakav', 'default.jpg', '', 22, 1.7, 'EUR'),
(117, 'Mleko', 'default.jpg', '', 22, 1, 'EUR');

-- --------------------------------------------------------

--
-- Table structure for table `item_rating`
--

DROP TABLE IF EXISTS `item_rating`;
CREATE TABLE `item_rating` (
  `id` int(11) NOT NULL,
  `quality` int(11) DEFAULT NULL,
  `item_id` int(11) DEFAULT NULL,
  `taste` int(11) DEFAULT NULL,
  `presentation` int(11) DEFAULT NULL,
  `memorability` int(11) DEFAULT NULL,
  `creativity` int(11) DEFAULT NULL
) ENGINE=InnoDB DEFAULT CHARSET=utf8mb4 COLLATE=utf8mb4_general_ci;

--
-- Dumping data for table `item_rating`
--

INSERT INTO `item_rating` (`id`, `quality`, `item_id`, `taste`, `presentation`, `memorability`, `creativity`) VALUES
(1, 51, 2, 69, 45, 62, 53),
(2, 51, 2, 69, 45, 62, 53),
(3, 33, 4, 76, 73, 59, 68),
(4, 51, 2, 69, 45, 62, 53),
(5, 33, 4, 76, 73, 59, 68),
(6, 51, 2, 69, 45, 62, 53),
(7, 33, 4, 76, 73, 59, 68),
(8, 51, 2, 69, 45, 62, 53),
(9, 33, 4, 76, 73, 59, 68),
(10, 22, 1, 24, 72, 79, 66),
(11, 90, 1, 82, 97, 86, 25),
(12, 49, 1, 83, 42, 20, 59),
(13, 38, 1, 99, 88, 23, 44),
(14, 30, 1, 41, 46, 56, 36),
(15, 3, 1, 13, 26, 3, 37),
(16, 43, 1, 47, 59, 49, 4),
(17, 76, 1, 12, 3, 34, 27),
(18, 10, 1, 95, 83, 42, 22),
(19, 25, 1, 91, 76, 85, 70),
(20, 27, 1, 91, 16, 17, 35),
(21, 90, 1, 5, 6, 17, 64),
(22, 33, 1, 35, 40, 10, 20),
(23, 49, 1, 100, 79, 41, 81),
(24, 68, 1, 44, 8, 11, 47),
(25, 65, 1, 84, 65, 81, 29),
(26, 71, 1, 48, 86, 72, 95),
(27, 75, 1, 57, 30, 61, 43),
(28, 65, 1, 85, 19, 35, 32),
(29, 31, 1, 60, 75, 76, 40),
(30, 46, 2, 67, 100, 74, 85),
(31, 4, 2, 2, 76, 11, 15),
(32, 31, 2, 56, 17, 13, 52),
(33, 53, 2, 80, 34, 21, 12),
(34, 85, 2, 6, 3, 15, 41),
(35, 9, 2, 41, 90, 78, 49),
(36, 1, 2, 29, 98, 27, 30),
(37, 79, 2, 16, 44, 55, 39),
(38, 91, 2, 100, 92, 72, 0),
(39, 51, 2, 94, 51, 65, 5),
(40, 29, 2, 20, 0, 24, 78),
(41, 42, 2, 91, 53, 76, 49),
(42, 8, 2, 74, 94, 19, 33),
(43, 46, 2, 14, 30, 29, 35),
(44, 19, 2, 23, 26, 34, 43),
(45, 75, 2, 17, 25, 7, 87),
(46, 80, 2, 75, 45, 57, 13),
(47, 64, 2, 52, 31, 73, 65),
(48, 41, 2, 73, 23, 13, 61),
(49, 90, 2, 47, 91, 20, 26),
(50, 60, 3, 40, 39, 54, 74),
(51, 25, 3, 1, 82, 31, 51),
(52, 23, 3, 33, 66, 52, 10),
(53, 69, 3, 10, 20, 76, 78),
(54, 88, 3, 98, 8, 96, 47),
(55, 81, 3, 95, 9, 79, 26),
(56, 52, 3, 77, 21, 53, 28),
(57, 81, 3, 25, 22, 70, 1),
(58, 58, 3, 42, 33, 67, 22),
(59, 15, 3, 48, 2, 100, 87),
(60, 10, 3, 47, 75, 82, 99),
(61, 43, 3, 36, 50, 14, 32),
(62, 63, 3, 43, 36, 85, 97),
(63, 87, 3, 97, 23, 94, 41),
(64, 82, 3, 94, 49, 71, 14),
(65, 76, 3, 14, 0, 7, 55),
(66, 2, 3, 86, 22, 93, 62),
(67, 100, 3, 26, 84, 90, 48),
(68, 2, 3, 15, 22, 77, 82),
(69, 18, 3, 34, 99, 63, 37),
(70, 17, 4, 90, 59, 3, 17),
(71, 59, 4, 7, 10, 16, 55),
(72, 39, 4, 56, 44, 73, 89),
(73, 13, 4, 78, 80, 5, 69),
(74, 4, 4, 82, 73, 59, 59),
(75, 100, 4, 2, 25, 13, 53),
(76, 20, 4, 46, 88, 2, 15),
(77, 4, 4, 68, 7, 70, 65),
(78, 48, 4, 51, 50, 78, 17),
(79, 0, 4, 32, 98, 0, 86),
(80, 46, 4, 78, 72, 98, 2),
(81, 100, 4, 100, 57, 42, 68),
(82, 73, 4, 2, 33, 16, 31),
(83, 23, 4, 57, 42, 68, 75),
(84, 92, 4, 52, 75, 46, 79),
(85, 58, 4, 36, 10, 94, 32),
(86, 22, 4, 78, 66, 99, 11),
(87, 71, 4, 25, 57, 50, 42),
(88, 1, 4, 34, 91, 71, 42),
(89, 73, 4, 80, 42, 28, 21),
(90, 92, 5, 85, 22, 18, 100),
(91, 64, 5, 34, 63, 98, 23),
(92, 30, 5, 65, 27, 89, 34),
(93, 64, 5, 5, 5, 71, 12),
(94, 14, 5, 4, 60, 45, 100),
(95, 62, 5, 40, 50, 16, 23),
(96, 78, 5, 66, 23, 29, 70),
(97, 84, 5, 58, 47, 37, 89),
(98, 49, 5, 2, 5, 70, 75),
(99, 27, 5, 36, 42, 30, 92),
(100, 0, 5, 62, 48, 10, 98),
(101, 21, 5, 24, 86, 98, 72),
(102, 5, 5, 73, 39, 19, 53),
(103, 97, 5, 64, 18, 82, 72),
(104, 67, 5, 94, 40, 85, 82),
(105, 11, 5, 61, 58, 90, 66),
(106, 44, 5, 8, 18, 1, 14),
(107, 66, 5, 73, 76, 63, 73),
(108, 24, 5, 10, 98, 55, 26),
(109, 70, 5, 100, 96, 91, 100),
(110, 60, 6, 94, 53, 66, 66),
(111, 14, 6, 73, 3, 54, 100),
(112, 60, 6, 52, 42, 30, 14),
(113, 7, 6, 2, 61, 28, 37),
(114, 5, 6, 37, 76, 72, 65),
(115, 69, 6, 19, 42, 38, 99),
(116, 5, 6, 0, 67, 34, 79),
(117, 87, 6, 81, 54, 55, 62),
(118, 69, 6, 96, 81, 44, 14),
(119, 3, 6, 37, 58, 8, 4),
(120, 98, 6, 20, 94, 0, 22),
(121, 36, 6, 95, 84, 64, 55),
(122, 55, 6, 6, 80, 95, 58),
(123, 84, 6, 28, 6, 39, 22),
(124, 14, 6, 0, 54, 41, 31),
(125, 88, 6, 51, 38, 91, 61),
(126, 35, 6, 98, 3, 49, 54),
(127, 50, 6, 33, 7, 73, 16),
(128, 63, 6, 39, 51, 5, 38),
(129, 65, 6, 75, 1, 26, 54),
(130, 81, 7, 28, 10, 17, 100),
(131, 40, 7, 33, 11, 10, 49),
(132, 83, 7, 52, 64, 25, 42),
(133, 53, 7, 29, 97, 20, 81),
(134, 7, 7, 86, 20, 12, 83),
(135, 37, 7, 18, 98, 38, 20),
(136, 15, 7, 21, 77, 31, 76),
(137, 25, 7, 75, 25, 46, 79),
(138, 72, 7, 28, 25, 61, 34),
(139, 56, 7, 36, 13, 13, 2),
(140, 29, 7, 66, 89, 51, 1),
(141, 42, 7, 38, 86, 79, 28),
(142, 36, 7, 87, 63, 32, 89),
(143, 37, 7, 39, 90, 8, 11),
(144, 8, 7, 55, 9, 1, 0),
(145, 31, 7, 86, 60, 34, 94),
(146, 12, 7, 42, 81, 54, 44),
(147, 29, 7, 94, 99, 58, 79),
(148, 0, 7, 53, 5, 96, 36),
(149, 93, 7, 5, 27, 13, 11),
(150, 77, 8, 23, 70, 32, 15),
(151, 94, 8, 66, 10, 87, 84),
(152, 97, 8, 94, 11, 60, 37),
(153, 12, 8, 9, 15, 45, 32),
(154, 42, 8, 14, 88, 88, 13),
(155, 63, 8, 33, 27, 81, 91),
(156, 90, 8, 6, 9, 83, 9),
(157, 70, 8, 60, 44, 54, 81),
(158, 26, 8, 22, 17, 48, 15),
(159, 95, 8, 35, 28, 97, 14),
(160, 45, 8, 9, 12, 29, 1),
(161, 23, 8, 73, 66, 82, 12),
(162, 29, 8, 95, 37, 89, 58),
(163, 53, 8, 73, 4, 39, 62),
(164, 34, 8, 48, 54, 32, 11),
(165, 97, 8, 9, 98, 65, 3),
(166, 69, 8, 5, 47, 78, 58),
(167, 11, 8, 77, 1, 62, 56),
(168, 3, 8, 7, 9, 41, 88),
(169, 92, 8, 70, 32, 75, 35),
(170, 75, 9, 81, 43, 21, 80),
(171, 94, 9, 88, 79, 57, 21),
(172, 100, 9, 70, 39, 4, 38),
(173, 11, 9, 85, 84, 21, 97),
(174, 9, 9, 69, 77, 81, 55),
(175, 52, 9, 24, 42, 28, 57),
(176, 23, 9, 12, 41, 61, 50),
(177, 78, 9, 99, 30, 36, 40),
(178, 50, 9, 96, 70, 95, 38),
(179, 54, 9, 18, 22, 98, 95),
(180, 44, 9, 87, 96, 89, 31),
(181, 77, 9, 60, 63, 23, 97),
(182, 65, 9, 89, 10, 12, 91),
(183, 79, 9, 90, 53, 11, 35),
(184, 74, 9, 48, 42, 29, 35),
(185, 24, 9, 50, 28, 75, 0),
(186, 53, 9, 37, 41, 17, 51),
(187, 91, 9, 75, 27, 3, 49),
(188, 39, 9, 59, 31, 25, 19),
(189, 53, 9, 0, 28, 47, 74),
(190, 84, 10, 59, 3, 63, 13),
(191, 12, 10, 42, 25, 18, 56),
(192, 58, 10, 62, 69, 81, 98),
(193, 41, 10, 71, 28, 64, 97),
(194, 96, 10, 24, 71, 73, 44),
(195, 47, 10, 86, 72, 56, 34),
(196, 28, 10, 66, 9, 70, 82),
(197, 15, 10, 14, 32, 54, 81),
(198, 95, 10, 11, 80, 15, 16),
(199, 73, 10, 84, 34, 25, 27),
(200, 90, 10, 19, 76, 48, 37),
(201, 85, 10, 50, 13, 74, 29),
(202, 37, 10, 48, 46, 44, 73),
(203, 36, 10, 76, 31, 85, 6),
(204, 81, 10, 42, 80, 33, 32),
(205, 10, 10, 56, 64, 56, 68),
(206, 97, 10, 79, 7, 38, 42),
(207, 96, 10, 12, 91, 33, 97),
(208, 2, 10, 100, 40, 54, 74),
(209, 22, 10, 39, 68, 41, 65),
(210, 80, 11, 74, 57, 62, 23),
(211, 28, 11, 61, 41, 25, 37),
(212, 13, 11, 79, 40, 88, 26),
(213, 86, 11, 59, 69, 39, 46),
(214, 22, 11, 36, 71, 27, 20),
(215, 65, 11, 43, 28, 84, 63),
(216, 74, 11, 29, 82, 15, 22),
(217, 59, 11, 63, 77, 39, 67),
(218, 0, 11, 2, 46, 99, 81),
(219, 23, 11, 55, 59, 49, 12),
(220, 88, 11, 27, 6, 42, 18),
(221, 24, 11, 20, 1, 11, 41),
(222, 10, 11, 31, 33, 14, 41),
(223, 90, 11, 87, 77, 92, 21),
(224, 77, 11, 45, 0, 71, 71),
(225, 30, 11, 71, 98, 100, 92),
(226, 86, 11, 1, 28, 33, 83),
(227, 24, 11, 48, 74, 55, 0),
(228, 47, 11, 92, 85, 77, 32),
(229, 83, 11, 20, 14, 23, 88),
(230, 45, 12, 71, 49, 65, 90),
(231, 99, 12, 52, 90, 75, 55),
(232, 76, 12, 94, 21, 41, 21),
(233, 76, 12, 76, 59, 27, 73),
(234, 14, 12, 27, 5, 35, 83),
(235, 66, 12, 80, 79, 63, 10),
(236, 65, 12, 21, 25, 83, 26),
(237, 90, 12, 3, 72, 81, 46),
(238, 17, 12, 51, 78, 90, 18),
(239, 7, 12, 80, 79, 64, 21),
(240, 75, 12, 51, 24, 60, 67),
(241, 40, 12, 85, 69, 74, 1),
(242, 34, 12, 9, 33, 50, 66),
(243, 6, 12, 74, 17, 13, 0),
(244, 64, 12, 55, 0, 24, 15),
(245, 71, 12, 54, 22, 89, 9),
(246, 21, 12, 28, 39, 4, 61),
(247, 6, 12, 82, 80, 94, 89),
(248, 19, 12, 6, 12, 95, 66),
(249, 43, 12, 81, 3, 28, 16),
(250, 73, 13, 84, 72, 82, 63),
(251, 51, 13, 26, 76, 45, 5),
(252, 6, 13, 100, 34, 95, 94),
(253, 62, 13, 7, 66, 72, 54),
(254, 38, 13, 9, 6, 57, 14),
(255, 47, 13, 39, 55, 98, 59),
(256, 1, 13, 29, 41, 82, 22),
(257, 65, 13, 53, 16, 49, 8),
(258, 99, 13, 87, 79, 6, 64),
(259, 7, 13, 80, 8, 37, 84),
(260, 32, 13, 17, 1, 64, 10),
(261, 78, 13, 0, 31, 77, 43),
(262, 66, 13, 36, 40, 68, 24),
(263, 66, 13, 6, 44, 44, 37),
(264, 38, 13, 40, 33, 78, 24),
(265, 13, 13, 7, 95, 94, 20),
(266, 9, 13, 36, 92, 4, 76),
(267, 36, 13, 13, 41, 69, 91),
(268, 6, 13, 91, 84, 30, 12),
(269, 90, 13, 28, 71, 46, 80),
(270, 87, 14, 36, 76, 52, 6),
(271, 36, 14, 21, 79, 5, 31),
(272, 28, 14, 6, 30, 53, 16),
(273, 40, 14, 56, 68, 27, 72),
(274, 15, 14, 70, 69, 0, 42),
(275, 37, 14, 23, 3, 52, 1),
(276, 48, 14, 43, 76, 42, 100),
(277, 50, 14, 49, 21, 40, 69),
(278, 51, 14, 93, 76, 98, 92),
(279, 27, 14, 69, 27, 13, 8),
(280, 86, 14, 37, 42, 33, 97),
(281, 5, 14, 42, 43, 6, 24),
(282, 88, 14, 54, 5, 61, 62),
(283, 46, 14, 100, 54, 55, 5),
(284, 23, 14, 71, 52, 19, 77),
(285, 25, 14, 75, 89, 86, 39),
(286, 93, 14, 60, 15, 9, 11),
(287, 68, 14, 20, 24, 52, 83),
(288, 99, 14, 95, 9, 22, 83),
(289, 84, 14, 46, 47, 0, 93),
(290, 53, 15, 49, 56, 94, 67),
(291, 15, 15, 77, 53, 27, 82),
(292, 99, 15, 25, 27, 95, 95),
(293, 44, 15, 60, 69, 65, 57),
(294, 16, 15, 48, 43, 42, 0),
(295, 33, 15, 97, 15, 48, 33),
(296, 36, 15, 24, 62, 80, 99),
(297, 1, 15, 62, 54, 39, 98),
(298, 66, 15, 35, 39, 55, 89),
(299, 65, 15, 47, 81, 79, 49),
(300, 81, 15, 100, 95, 75, 39),
(301, 35, 15, 91, 33, 53, 52),
(302, 48, 15, 77, 67, 67, 77),
(303, 98, 15, 67, 20, 17, 48),
(304, 55, 15, 56, 24, 33, 12),
(305, 16, 15, 36, 33, 10, 39),
(306, 27, 15, 88, 93, 6, 49),
(307, 19, 15, 59, 67, 49, 79),
(308, 35, 15, 87, 73, 44, 93),
(309, 74, 15, 44, 36, 7, 49),
(310, 92, 16, 90, 81, 23, 36),
(311, 3, 16, 70, 37, 60, 32),
(312, 92, 16, 71, 66, 36, 18),
(313, 35, 16, 88, 13, 62, 33),
(314, 2, 16, 1, 76, 87, 26),
(315, 38, 16, 27, 76, 37, 27),
(316, 42, 16, 55, 35, 81, 70),
(317, 18, 16, 27, 14, 18, 13),
(318, 93, 16, 29, 40, 14, 87),
(319, 17, 16, 78, 97, 66, 56),
(320, 93, 16, 95, 67, 12, 23),
(321, 34, 16, 11, 33, 42, 72),
(322, 16, 16, 70, 46, 100, 3),
(323, 78, 16, 99, 64, 30, 60),
(324, 47, 16, 44, 52, 56, 88),
(325, 76, 16, 30, 14, 16, 5),
(326, 45, 16, 54, 74, 43, 90),
(327, 52, 16, 61, 34, 40, 40),
(328, 62, 16, 82, 41, 57, 50),
(329, 18, 16, 33, 48, 26, 99),
(330, 22, 17, 99, 1, 54, 77),
(331, 39, 17, 35, 7, 38, 17),
(332, 79, 17, 54, 8, 0, 43),
(333, 88, 17, 9, 47, 23, 27),
(334, 58, 17, 82, 29, 78, 81),
(335, 19, 17, 59, 3, 74, 14),
(336, 3, 17, 12, 57, 50, 4),
(337, 83, 17, 23, 17, 73, 15),
(338, 32, 17, 52, 28, 45, 69),
(339, 82, 17, 84, 88, 2, 55),
(340, 87, 17, 84, 11, 77, 68),
(341, 15, 17, 60, 73, 1, 85),
(342, 86, 17, 84, 53, 93, 13),
(343, 43, 17, 65, 92, 84, 37),
(344, 0, 17, 63, 33, 78, 20),
(345, 60, 17, 82, 28, 46, 5),
(346, 68, 17, 92, 74, 71, 82),
(347, 33, 17, 99, 42, 68, 42),
(348, 70, 17, 46, 1, 52, 58),
(349, 41, 17, 52, 39, 6, 3),
(350, 11, 18, 100, 66, 55, 92),
(351, 73, 18, 72, 10, 87, 59),
(352, 60, 18, 61, 88, 43, 60),
(353, 90, 18, 97, 50, 35, 2),
(354, 58, 18, 78, 87, 64, 57),
(355, 70, 18, 1, 58, 52, 61),
(356, 55, 18, 84, 77, 18, 48),
(357, 51, 18, 42, 61, 54, 30),
(358, 49, 18, 34, 70, 63, 18),
(359, 1, 18, 70, 18, 55, 61),
(360, 78, 18, 34, 71, 98, 16),
(361, 5, 18, 76, 84, 18, 48),
(362, 99, 18, 94, 70, 20, 51),
(363, 50, 18, 19, 10, 38, 20),
(364, 32, 18, 64, 83, 96, 16),
(365, 97, 18, 100, 83, 62, 94),
(366, 46, 18, 93, 70, 1, 34),
(367, 99, 18, 73, 11, 18, 75),
(368, 26, 18, 65, 21, 55, 83),
(369, 54, 18, 19, 67, 34, 95),
(370, 96, 19, 38, 88, 13, 13),
(371, 16, 19, 88, 7, 7, 70),
(372, 97, 19, 90, 72, 15, 53),
(373, 57, 19, 82, 82, 5, 65),
(374, 89, 19, 37, 42, 12, 37),
(375, 63, 19, 18, 83, 80, 39),
(376, 95, 19, 61, 23, 97, 79),
(377, 80, 19, 26, 14, 23, 79),
(378, 42, 19, 9, 94, 32, 38),
(379, 66, 19, 69, 19, 4, 68),
(380, 72, 19, 88, 41, 68, 35),
(381, 30, 19, 37, 96, 9, 47),
(382, 88, 19, 28, 39, 17, 96),
(383, 69, 19, 90, 1, 88, 13),
(384, 85, 19, 72, 12, 44, 68),
(385, 63, 19, 85, 20, 78, 23),
(386, 56, 19, 50, 86, 0, 43),
(387, 31, 19, 65, 45, 12, 35),
(388, 65, 19, 88, 91, 50, 62),
(389, 71, 19, 0, 26, 69, 79),
(390, 80, 20, 69, 50, 58, 50),
(391, 17, 20, 29, 13, 22, 7),
(392, 91, 20, 5, 71, 27, 12),
(393, 27, 20, 89, 89, 79, 2),
(394, 6, 20, 41, 19, 38, 68),
(395, 28, 20, 82, 39, 53, 17),
(396, 25, 20, 30, 45, 67, 53),
(397, 59, 20, 79, 31, 95, 41),
(398, 94, 20, 36, 25, 28, 23),
(399, 68, 20, 15, 15, 81, 70),
(400, 58, 20, 51, 80, 92, 68),
(401, 37, 20, 83, 5, 60, 43),
(402, 27, 20, 92, 97, 97, 89),
(403, 14, 20, 65, 99, 82, 78),
(404, 34, 20, 43, 65, 50, 43),
(405, 3, 20, 90, 24, 70, 2),
(406, 65, 20, 45, 51, 58, 93),
(407, 31, 20, 3, 16, 45, 66),
(408, 91, 20, 9, 17, 64, 81),
(409, 83, 20, 64, 60, 24, 25),
(410, 41, 21, 51, 23, 0, 8),
(411, 29, 21, 27, 14, 37, 1),
(412, 62, 21, 85, 14, 74, 98),
(413, 3, 21, 70, 17, 5, 95),
(414, 78, 21, 42, 46, 61, 67),
(415, 40, 21, 83, 65, 93, 55),
(416, 20, 21, 43, 44, 45, 79),
(417, 77, 21, 40, 49, 27, 35),
(418, 64, 21, 68, 72, 25, 88),
(419, 32, 21, 87, 11, 28, 68),
(420, 41, 21, 14, 3, 12, 45),
(421, 33, 21, 99, 77, 57, 39),
(422, 74, 21, 25, 9, 9, 85),
(423, 23, 21, 38, 88, 73, 95),
(424, 35, 21, 29, 63, 43, 12),
(425, 41, 21, 86, 13, 27, 10),
(426, 80, 21, 27, 10, 16, 71),
(427, 27, 21, 12, 60, 72, 4),
(428, 11, 21, 64, 12, 11, 39),
(429, 40, 21, 76, 91, 51, 52),
(430, 83, 22, 28, 95, 17, 23),
(431, 68, 22, 43, 92, 52, 53),
(432, 1, 22, 74, 4, 23, 43),
(433, 90, 22, 28, 95, 78, 29),
(434, 95, 22, 0, 56, 99, 73),
(435, 63, 22, 41, 22, 44, 3),
(436, 98, 22, 80, 39, 29, 43),
(437, 28, 22, 59, 34, 73, 84),
(438, 79, 22, 58, 30, 18, 21),
(439, 99, 22, 10, 10, 28, 23),
(440, 99, 22, 65, 48, 67, 10),
(441, 6, 22, 67, 70, 81, 71),
(442, 35, 22, 33, 49, 89, 83),
(443, 24, 22, 15, 34, 50, 13),
(444, 80, 22, 86, 26, 42, 79),
(445, 57, 22, 77, 41, 88, 43),
(446, 78, 22, 43, 33, 13, 47),
(447, 85, 22, 23, 95, 32, 26),
(448, 75, 22, 45, 27, 42, 26),
(449, 48, 22, 46, 90, 96, 84),
(450, 1, 23, 87, 34, 84, 57),
(451, 30, 23, 88, 20, 28, 68),
(452, 92, 23, 39, 18, 70, 99),
(453, 21, 23, 87, 56, 9, 62),
(454, 92, 23, 1, 90, 20, 58),
(455, 30, 23, 15, 15, 1, 26),
(456, 66, 23, 7, 32, 15, 68),
(457, 62, 23, 61, 14, 56, 52),
(458, 40, 23, 96, 20, 71, 5),
(459, 84, 23, 19, 75, 45, 5),
(460, 35, 23, 14, 26, 72, 79),
(461, 11, 23, 66, 99, 89, 27),
(462, 53, 23, 72, 7, 6, 71),
(463, 34, 23, 33, 13, 74, 26),
(464, 48, 23, 20, 90, 4, 57),
(465, 19, 23, 40, 76, 15, 54),
(466, 41, 23, 86, 0, 88, 61),
(467, 28, 23, 93, 86, 81, 28),
(468, 91, 23, 9, 67, 27, 91),
(469, 7, 23, 64, 54, 31, 26),
(470, 99, 24, 9, 27, 11, 71),
(471, 24, 24, 28, 7, 7, 9),
(472, 1, 24, 60, 45, 9, 92),
(473, 92, 24, 7, 32, 5, 14),
(474, 25, 24, 76, 40, 58, 49),
(475, 59, 24, 23, 99, 100, 45),
(476, 77, 24, 56, 46, 26, 23),
(477, 84, 24, 4, 77, 58, 84),
(478, 36, 24, 75, 18, 31, 67),
(479, 53, 24, 59, 19, 59, 0),
(480, 74, 24, 72, 71, 40, 76),
(481, 53, 24, 85, 46, 22, 3),
(482, 74, 24, 3, 49, 62, 35),
(483, 96, 24, 86, 64, 41, 96),
(484, 49, 24, 84, 1, 40, 60),
(485, 25, 24, 14, 61, 30, 2),
(486, 18, 24, 72, 21, 23, 47),
(487, 70, 24, 34, 80, 17, 89),
(488, 93, 24, 76, 47, 93, 42),
(489, 32, 24, 48, 6, 30, 81),
(490, 18, 25, 48, 60, 66, 16),
(491, 97, 25, 40, 11, 33, 80),
(492, 61, 25, 51, 62, 8, 84),
(493, 36, 25, 88, 60, 15, 41),
(494, 1, 25, 74, 84, 30, 13),
(495, 45, 25, 49, 88, 1, 20),
(496, 87, 25, 29, 33, 81, 81),
(497, 93, 25, 71, 24, 29, 34),
(498, 55, 25, 0, 98, 84, 31),
(499, 80, 25, 74, 12, 46, 54),
(500, 97, 25, 51, 82, 82, 91),
(501, 67, 25, 3, 51, 41, 3),
(502, 70, 25, 22, 33, 57, 85),
(503, 13, 25, 60, 0, 32, 28),
(504, 8, 25, 3, 19, 46, 67),
(505, 27, 25, 41, 49, 57, 59),
(506, 74, 25, 13, 48, 9, 90),
(507, 76, 25, 82, 18, 76, 55),
(508, 94, 25, 91, 55, 75, 91),
(509, 85, 25, 63, 73, 92, 29),
(510, 82, 26, 19, 44, 60, 84),
(511, 100, 26, 4, 71, 66, 45),
(512, 71, 26, 36, 88, 5, 33),
(513, 62, 26, 86, 66, 15, 24),
(514, 36, 26, 83, 80, 65, 83),
(515, 94, 26, 12, 16, 72, 74),
(516, 69, 26, 25, 54, 10, 15),
(517, 42, 26, 32, 18, 85, 96),
(518, 77, 26, 63, 48, 28, 80),
(519, 78, 26, 58, 35, 5, 60),
(520, 10, 26, 63, 26, 79, 14),
(521, 14, 26, 89, 11, 50, 79),
(522, 70, 26, 75, 85, 21, 54),
(523, 66, 26, 10, 72, 51, 57),
(524, 15, 26, 13, 3, 61, 70),
(525, 5, 26, 17, 24, 28, 26),
(526, 83, 26, 31, 8, 33, 58),
(527, 3, 26, 92, 0, 26, 97),
(528, 74, 26, 72, 43, 4, 11),
(529, 17, 26, 95, 93, 53, 7),
(530, 99, 27, 62, 58, 39, 18),
(531, 31, 27, 30, 98, 97, 69),
(532, 28, 27, 33, 99, 18, 17),
(533, 59, 27, 82, 83, 24, 52),
(534, 99, 27, 9, 75, 42, 17),
(535, 71, 27, 9, 31, 6, 5),
(536, 49, 27, 8, 55, 100, 39),
(537, 71, 27, 12, 97, 32, 77),
(538, 32, 27, 53, 63, 21, 83),
(539, 15, 27, 36, 57, 13, 40),
(540, 54, 27, 6, 78, 5, 4),
(541, 43, 27, 21, 36, 40, 42),
(542, 23, 27, 35, 98, 43, 78),
(543, 95, 27, 4, 15, 75, 54),
(544, 83, 27, 25, 59, 10, 61),
(545, 51, 27, 80, 9, 67, 96),
(546, 6, 27, 55, 74, 92, 31),
(547, 92, 27, 2, 43, 89, 89),
(548, 31, 27, 43, 35, 88, 25),
(549, 44, 27, 49, 61, 52, 89),
(550, 49, 28, 65, 28, 27, 47),
(551, 83, 28, 43, 89, 71, 5),
(552, 36, 28, 43, 80, 97, 70),
(553, 88, 28, 14, 13, 85, 64),
(554, 2, 28, 100, 23, 84, 93),
(555, 25, 28, 45, 59, 66, 63),
(556, 66, 28, 6, 56, 20, 75),
(557, 13, 28, 1, 29, 81, 100),
(558, 15, 28, 16, 21, 61, 67),
(559, 68, 28, 23, 21, 45, 32),
(560, 10, 28, 66, 77, 4, 88),
(561, 71, 28, 44, 92, 5, 17),
(562, 39, 28, 17, 91, 23, 80),
(563, 54, 28, 69, 5, 33, 92),
(564, 84, 28, 95, 99, 71, 2),
(565, 50, 28, 80, 78, 81, 29),
(566, 93, 28, 68, 56, 39, 17),
(567, 3, 28, 43, 3, 77, 49),
(568, 86, 28, 47, 81, 82, 14),
(569, 57, 28, 47, 15, 62, 100),
(570, 82, 29, 96, 13, 3, 17),
(571, 87, 29, 71, 88, 70, 76),
(572, 53, 29, 63, 3, 54, 99),
(573, 49, 29, 63, 95, 68, 5),
(574, 99, 29, 58, 22, 89, 12),
(575, 77, 29, 35, 34, 38, 85),
(576, 74, 29, 58, 96, 42, 44),
(577, 95, 29, 58, 69, 82, 42),
(578, 17, 29, 78, 98, 56, 55),
(579, 1, 29, 31, 78, 49, 92),
(580, 13, 29, 0, 18, 24, 17),
(581, 32, 29, 92, 98, 44, 2),
(582, 9, 29, 18, 0, 98, 93),
(583, 93, 29, 95, 97, 2, 50),
(584, 95, 29, 99, 60, 62, 50),
(585, 65, 29, 48, 67, 51, 78),
(586, 71, 29, 42, 41, 78, 15),
(587, 48, 29, 7, 4, 40, 51),
(588, 54, 29, 73, 86, 27, 70),
(589, 76, 29, 79, 36, 97, 21),
(590, 10, 30, 98, 74, 84, 20),
(591, 83, 30, 72, 39, 63, 14),
(592, 64, 30, 92, 30, 29, 61),
(593, 94, 30, 49, 30, 16, 14),
(594, 51, 30, 87, 26, 84, 63),
(595, 33, 30, 78, 16, 43, 61),
(596, 67, 30, 85, 3, 38, 1),
(597, 98, 30, 28, 25, 1, 84),
(598, 0, 30, 42, 5, 4, 78),
(599, 22, 30, 76, 29, 28, 39),
(600, 1, 30, 79, 28, 5, 52),
(601, 47, 30, 39, 0, 44, 61),
(602, 43, 30, 9, 80, 100, 73),
(603, 58, 30, 17, 52, 30, 55),
(604, 71, 30, 31, 55, 81, 79),
(605, 97, 30, 9, 30, 73, 0),
(606, 78, 30, 27, 78, 92, 94),
(607, 72, 30, 86, 94, 82, 34),
(608, 55, 30, 95, 52, 27, 70),
(609, 37, 30, 53, 90, 27, 25),
(610, 7, 31, 26, 59, 9, 6),
(611, 53, 31, 42, 85, 13, 67),
(612, 19, 31, 66, 52, 99, 9),
(613, 15, 31, 86, 80, 21, 70),
(614, 67, 31, 20, 17, 69, 45),
(615, 18, 31, 91, 75, 0, 48),
(616, 11, 31, 7, 96, 73, 83),
(617, 70, 31, 12, 55, 50, 37),
(618, 38, 31, 14, 86, 18, 40),
(619, 75, 31, 53, 27, 88, 44),
(620, 2, 31, 43, 62, 93, 67),
(621, 77, 31, 61, 60, 49, 36),
(622, 24, 31, 80, 58, 78, 26),
(623, 31, 31, 49, 96, 59, 0),
(624, 17, 31, 60, 59, 9, 28),
(625, 26, 31, 67, 47, 46, 24),
(626, 70, 31, 93, 3, 69, 43),
(627, 41, 31, 56, 28, 13, 83),
(628, 22, 31, 20, 1, 92, 30),
(629, 20, 31, 11, 54, 13, 79),
(630, 40, 32, 22, 29, 88, 8),
(631, 94, 32, 97, 3, 18, 66),
(632, 6, 32, 31, 23, 60, 33),
(633, 83, 32, 28, 79, 17, 35),
(634, 51, 32, 96, 84, 23, 75),
(635, 64, 32, 9, 68, 21, 81),
(636, 88, 32, 14, 67, 85, 53),
(637, 4, 32, 61, 46, 29, 48),
(638, 16, 32, 38, 32, 100, 2),
(639, 45, 32, 70, 60, 30, 61),
(640, 79, 32, 56, 19, 44, 98),
(641, 13, 32, 46, 64, 59, 32),
(642, 46, 32, 88, 47, 8, 64),
(643, 49, 32, 38, 92, 76, 40),
(644, 86, 32, 5, 45, 51, 79),
(645, 61, 32, 80, 63, 76, 16),
(646, 68, 32, 84, 39, 15, 20),
(647, 61, 32, 85, 93, 3, 27),
(648, 77, 32, 0, 41, 79, 46),
(649, 46, 32, 88, 19, 49, 37),
(650, 10, 33, 7, 5, 93, 10),
(651, 22, 33, 6, 16, 8, 99),
(652, 98, 33, 26, 91, 49, 8),
(653, 9, 33, 72, 44, 100, 97),
(654, 51, 33, 1, 54, 86, 20),
(655, 0, 33, 24, 62, 15, 72),
(656, 26, 33, 2, 79, 26, 56),
(657, 53, 33, 10, 38, 3, 82),
(658, 49, 33, 55, 25, 10, 82),
(659, 7, 33, 31, 31, 50, 59),
(660, 40, 33, 10, 30, 65, 65),
(661, 4, 33, 56, 44, 49, 49),
(662, 57, 33, 19, 31, 76, 9),
(663, 27, 33, 90, 35, 79, 7),
(664, 5, 33, 50, 14, 28, 11),
(665, 76, 33, 26, 47, 26, 23),
(666, 51, 33, 16, 59, 17, 12),
(667, 7, 33, 64, 40, 74, 9),
(668, 71, 33, 68, 12, 81, 30),
(669, 82, 33, 95, 64, 70, 65),
(670, 46, 34, 8, 71, 74, 90),
(671, 78, 34, 48, 95, 25, 19),
(672, 72, 34, 87, 16, 13, 95),
(673, 97, 34, 4, 68, 4, 13),
(674, 57, 34, 63, 97, 97, 49),
(675, 14, 34, 94, 2, 63, 16),
(676, 98, 34, 51, 32, 35, 81),
(677, 29, 34, 57, 17, 90, 39),
(678, 47, 34, 5, 65, 27, 48),
(679, 49, 34, 84, 71, 57, 67),
(680, 67, 34, 34, 83, 38, 86),
(681, 58, 34, 24, 55, 58, 90),
(682, 95, 34, 11, 80, 6, 36),
(683, 45, 34, 84, 92, 90, 96),
(684, 64, 34, 34, 83, 46, 86),
(685, 70, 34, 65, 18, 99, 68),
(686, 47, 34, 98, 0, 34, 32),
(687, 99, 34, 91, 77, 1, 54),
(688, 28, 34, 56, 27, 92, 21),
(689, 47, 34, 9, 2, 61, 95),
(690, 20, 35, 75, 52, 3, 86),
(691, 0, 35, 41, 28, 0, 94),
(692, 8, 35, 19, 74, 67, 48),
(693, 86, 35, 79, 37, 70, 64),
(694, 98, 35, 19, 1, 96, 9),
(695, 26, 35, 14, 34, 77, 2),
(696, 18, 35, 24, 89, 80, 32),
(697, 8, 35, 78, 9, 39, 69),
(698, 81, 35, 32, 66, 42, 32),
(699, 21, 35, 43, 25, 34, 64),
(700, 67, 35, 55, 61, 66, 13),
(701, 89, 35, 78, 94, 56, 14),
(702, 14, 35, 14, 60, 77, 22),
(703, 89, 35, 32, 24, 23, 12),
(704, 31, 35, 19, 1, 90, 19),
(705, 84, 35, 70, 7, 73, 42),
(706, 41, 35, 60, 58, 54, 20),
(707, 77, 35, 91, 100, 26, 81),
(708, 5, 35, 94, 42, 51, 1),
(709, 81, 35, 57, 75, 94, 28),
(710, 99, 36, 82, 43, 92, 23),
(711, 16, 36, 21, 79, 57, 91),
(712, 28, 36, 41, 76, 36, 60),
(713, 89, 36, 14, 17, 16, 50),
(714, 91, 36, 38, 7, 1, 46),
(715, 8, 36, 13, 70, 2, 18),
(716, 24, 36, 36, 3, 0, 36),
(717, 44, 36, 53, 95, 98, 19),
(718, 90, 36, 26, 34, 69, 52),
(719, 20, 36, 9, 60, 13, 81),
(720, 8, 36, 54, 87, 83, 95),
(721, 48, 36, 1, 90, 3, 14),
(722, 86, 36, 86, 35, 73, 23),
(723, 73, 36, 80, 56, 54, 54),
(724, 39, 36, 73, 57, 0, 73),
(725, 14, 36, 12, 1, 99, 57),
(726, 30, 36, 90, 24, 43, 4),
(727, 91, 36, 100, 58, 44, 100),
(728, 76, 36, 67, 87, 11, 18),
(729, 95, 36, 31, 62, 1, 99),
(730, 68, 37, 99, 6, 72, 92),
(731, 81, 37, 77, 30, 81, 7),
(732, 93, 37, 42, 95, 80, 32),
(733, 44, 37, 98, 22, 4, 62),
(734, 62, 37, 2, 89, 2, 85),
(735, 43, 37, 100, 6, 81, 91),
(736, 99, 37, 9, 67, 31, 6),
(737, 100, 37, 43, 0, 85, 81),
(738, 16, 37, 19, 20, 33, 90),
(739, 76, 37, 47, 4, 85, 9),
(740, 21, 37, 60, 73, 86, 2),
(741, 25, 37, 62, 33, 71, 72),
(742, 69, 37, 98, 5, 94, 46),
(743, 19, 37, 21, 4, 68, 12),
(744, 44, 37, 20, 28, 51, 68),
(745, 82, 37, 3, 84, 89, 35),
(746, 1, 37, 51, 46, 38, 27),
(747, 13, 37, 36, 38, 26, 68),
(748, 92, 37, 66, 56, 60, 80),
(749, 5, 37, 12, 48, 50, 64),
(750, 86, 38, 61, 52, 2, 13),
(751, 28, 38, 57, 100, 72, 31),
(752, 42, 38, 36, 41, 64, 39),
(753, 83, 38, 20, 34, 24, 3),
(754, 49, 38, 36, 41, 88, 31),
(755, 94, 38, 95, 92, 6, 88),
(756, 91, 38, 21, 57, 89, 77),
(757, 52, 38, 32, 3, 36, 99),
(758, 43, 38, 16, 52, 20, 53),
(759, 6, 38, 90, 93, 98, 17),
(760, 60, 38, 26, 94, 75, 72),
(761, 33, 38, 14, 88, 30, 58),
(762, 65, 38, 52, 87, 7, 61),
(763, 0, 38, 5, 82, 9, 21),
(764, 24, 38, 93, 54, 30, 33),
(765, 71, 38, 96, 60, 98, 88),
(766, 29, 38, 20, 85, 74, 25),
(767, 43, 38, 22, 39, 56, 22),
(768, 96, 38, 51, 50, 30, 76),
(769, 46, 38, 93, 21, 50, 80),
(770, 9, 39, 96, 86, 61, 92),
(771, 3, 39, 65, 76, 47, 3),
(772, 17, 39, 97, 96, 32, 93),
(773, 51, 39, 68, 62, 42, 9),
(774, 96, 39, 38, 33, 0, 92),
(775, 30, 39, 40, 58, 40, 81),
(776, 85, 39, 15, 31, 14, 75),
(777, 94, 39, 67, 100, 18, 96),
(778, 63, 39, 77, 99, 48, 72),
(779, 74, 39, 57, 16, 51, 94),
(780, 40, 39, 4, 78, 38, 41),
(781, 43, 39, 13, 78, 65, 37),
(782, 25, 39, 93, 23, 26, 70),
(783, 87, 39, 67, 45, 19, 89),
(784, 10, 39, 1, 11, 11, 85),
(785, 17, 39, 36, 28, 91, 30),
(786, 88, 39, 79, 60, 19, 15),
(787, 31, 39, 50, 72, 53, 31),
(788, 85, 39, 32, 42, 31, 79),
(789, 55, 39, 59, 57, 35, 24),
(790, 30, 40, 97, 90, 83, 92),
(791, 2, 40, 40, 54, 63, 54),
(792, 9, 40, 40, 4, 22, 8),
(793, 56, 40, 15, 61, 53, 36),
(794, 14, 40, 20, 65, 82, 68),
(795, 80, 40, 61, 40, 99, 35),
(796, 11, 40, 30, 30, 35, 16),
(797, 15, 40, 2, 72, 74, 26),
(798, 97, 40, 96, 16, 88, 49),
(799, 4, 40, 42, 53, 63, 95),
(800, 17, 40, 29, 8, 12, 26),
(801, 77, 40, 46, 63, 79, 83),
(802, 47, 40, 46, 90, 31, 72),
(803, 58, 40, 21, 76, 45, 40),
(804, 93, 40, 80, 66, 24, 43),
(805, 34, 40, 2, 82, 91, 9),
(806, 19, 40, 77, 85, 35, 66),
(807, 40, 40, 1, 3, 44, 6),
(808, 70, 40, 54, 58, 1, 100),
(809, 98, 40, 67, 73, 56, 77),
(810, 85, 41, 73, 21, 99, 8),
(811, 96, 41, 23, 36, 46, 58),
(812, 84, 41, 5, 62, 19, 14),
(813, 33, 41, 2, 6, 78, 32),
(814, 65, 41, 43, 65, 96, 2),
(815, 20, 41, 32, 49, 92, 70),
(816, 50, 41, 92, 32, 48, 97),
(817, 8, 41, 5, 83, 77, 4),
(818, 78, 41, 53, 55, 58, 34),
(819, 53, 41, 40, 39, 89, 41),
(820, 67, 41, 2, 20, 13, 48),
(821, 40, 41, 41, 85, 64, 87),
(822, 44, 41, 8, 53, 53, 4),
(823, 65, 41, 21, 44, 5, 54),
(824, 24, 41, 5, 73, 37, 98),
(825, 29, 41, 92, 68, 97, 66),
(826, 15, 41, 12, 51, 81, 43),
(827, 55, 41, 90, 54, 100, 21),
(828, 19, 41, 39, 98, 16, 39),
(829, 65, 41, 99, 45, 4, 63),
(830, 66, 42, 34, 85, 1, 49),
(831, 61, 42, 70, 9, 42, 100),
(832, 11, 42, 76, 8, 94, 75),
(833, 25, 42, 75, 72, 93, 13),
(834, 52, 42, 80, 78, 2, 94),
(835, 6, 42, 17, 38, 74, 36),
(836, 53, 42, 71, 41, 76, 66),
(837, 76, 42, 16, 67, 59, 64),
(838, 24, 42, 30, 1, 9, 30),
(839, 29, 42, 91, 68, 13, 46),
(840, 64, 42, 57, 64, 84, 20),
(841, 100, 42, 5, 98, 77, 33),
(842, 59, 42, 52, 8, 81, 86),
(843, 53, 42, 77, 38, 97, 46),
(844, 84, 42, 49, 43, 4, 67),
(845, 62, 42, 4, 62, 24, 50),
(846, 89, 42, 20, 85, 4, 31),
(847, 46, 42, 2, 0, 71, 89),
(848, 18, 42, 41, 60, 43, 44),
(849, 72, 42, 11, 15, 90, 98),
(850, 78, 43, 47, 39, 37, 74),
(851, 59, 43, 45, 66, 54, 36),
(852, 48, 43, 50, 33, 25, 55),
(853, 71, 43, 20, 14, 19, 6),
(854, 76, 43, 20, 52, 72, 56),
(855, 67, 43, 27, 12, 40, 65),
(856, 55, 43, 90, 51, 2, 19),
(857, 35, 43, 32, 50, 75, 45),
(858, 52, 43, 61, 63, 5, 47),
(859, 76, 43, 94, 60, 89, 64),
(860, 49, 43, 25, 100, 100, 40),
(861, 97, 43, 34, 42, 21, 12),
(862, 21, 43, 47, 6, 4, 23),
(863, 50, 43, 22, 46, 24, 2),
(864, 60, 43, 72, 42, 95, 42),
(865, 85, 43, 82, 48, 32, 62),
(866, 48, 43, 54, 99, 9, 29),
(867, 37, 43, 90, 2, 74, 7),
(868, 65, 43, 92, 66, 23, 88),
(869, 49, 43, 98, 63, 36, 78),
(870, 67, 44, 32, 13, 78, 22),
(871, 66, 44, 82, 14, 90, 100),
(872, 74, 44, 45, 31, 25, 21),
(873, 31, 44, 50, 33, 69, 35),
(874, 38, 44, 13, 71, 15, 96),
(875, 77, 44, 33, 69, 25, 86),
(876, 96, 44, 70, 33, 58, 86),
(877, 84, 44, 4, 65, 49, 55),
(878, 62, 44, 69, 71, 48, 26),
(879, 35, 44, 69, 3, 17, 18),
(880, 72, 44, 36, 97, 82, 25),
(881, 84, 44, 26, 28, 88, 24),
(882, 75, 44, 9, 94, 78, 1),
(883, 3, 44, 62, 99, 18, 15),
(884, 70, 44, 18, 73, 92, 75),
(885, 46, 44, 46, 80, 83, 99),
(886, 28, 44, 23, 34, 96, 17),
(887, 67, 44, 50, 69, 9, 92),
(888, 29, 44, 35, 35, 73, 32),
(889, 25, 44, 45, 37, 18, 30),
(890, 42, 45, 47, 41, 57, 96),
(891, 61, 45, 89, 57, 45, 27),
(892, 82, 45, 14, 87, 16, 55),
(893, 91, 45, 19, 4, 6, 71),
(894, 31, 45, 52, 10, 90, 58),
(895, 40, 45, 48, 14, 0, 86),
(896, 79, 45, 63, 52, 78, 53),
(897, 62, 45, 85, 16, 53, 94),
(898, 43, 45, 62, 68, 58, 67),
(899, 84, 45, 83, 32, 59, 72),
(900, 58, 45, 19, 3, 89, 97),
(901, 80, 45, 47, 11, 7, 56),
(902, 1, 45, 66, 35, 94, 34),
(903, 68, 45, 17, 25, 63, 68),
(904, 64, 45, 88, 86, 4, 100),
(905, 98, 45, 18, 37, 74, 71),
(906, 90, 45, 76, 19, 77, 52),
(907, 25, 45, 89, 92, 75, 1),
(908, 85, 45, 27, 27, 85, 81),
(909, 12, 45, 51, 87, 68, 72),
(910, 91, 46, 58, 30, 13, 55),
(911, 69, 46, 36, 37, 59, 78),
(912, 2, 46, 77, 51, 50, 31),
(913, 89, 46, 18, 22, 8, 68),
(914, 93, 46, 46, 56, 23, 93),
(915, 4, 46, 23, 45, 58, 45),
(916, 17, 46, 21, 100, 16, 12),
(917, 31, 46, 92, 32, 96, 80),
(918, 17, 46, 64, 56, 4, 74),
(919, 25, 46, 39, 1, 23, 30),
(920, 1, 46, 27, 78, 50, 96),
(921, 46, 46, 58, 12, 95, 60),
(922, 1, 46, 17, 82, 96, 95),
(923, 21, 46, 45, 50, 36, 66),
(924, 87, 46, 37, 30, 31, 93),
(925, 6, 46, 6, 84, 62, 99),
(926, 70, 46, 65, 15, 96, 71),
(927, 11, 46, 65, 29, 20, 68),
(928, 5, 46, 1, 7, 91, 99),
(929, 100, 46, 78, 30, 37, 48),
(930, 56, 47, 23, 53, 58, 7),
(931, 99, 47, 92, 13, 31, 44),
(932, 75, 47, 57, 28, 42, 88),
(933, 10, 47, 53, 15, 47, 78),
(934, 74, 47, 26, 80, 1, 61),
(935, 83, 47, 76, 70, 12, 64),
(936, 22, 47, 37, 64, 21, 57),
(937, 65, 47, 5, 38, 59, 41),
(938, 32, 47, 24, 91, 77, 29),
(939, 44, 47, 85, 39, 11, 26),
(940, 39, 47, 74, 54, 0, 86),
(941, 75, 47, 26, 83, 38, 15),
(942, 30, 47, 33, 40, 95, 78),
(943, 32, 47, 75, 46, 47, 83),
(944, 28, 47, 34, 50, 32, 36),
(945, 14, 47, 48, 61, 73, 94),
(946, 56, 47, 54, 23, 63, 49),
(947, 58, 47, 30, 60, 76, 85),
(948, 24, 47, 70, 61, 68, 97),
(949, 95, 47, 26, 11, 91, 46),
(950, 87, 48, 37, 74, 75, 4),
(951, 44, 48, 2, 57, 32, 30),
(952, 0, 48, 57, 75, 4, 55),
(953, 12, 48, 4, 59, 28, 57),
(954, 76, 48, 56, 23, 66, 11),
(955, 36, 48, 42, 85, 11, 99),
(956, 27, 48, 15, 28, 99, 71),
(957, 87, 48, 28, 44, 46, 31),
(958, 96, 48, 87, 24, 29, 38),
(959, 23, 48, 63, 12, 71, 43),
(960, 62, 48, 88, 77, 23, 69),
(961, 82, 48, 8, 84, 64, 89),
(962, 81, 48, 13, 71, 90, 94),
(963, 16, 48, 84, 14, 11, 51),
(964, 82, 48, 77, 17, 31, 71),
(965, 13, 48, 85, 98, 19, 95),
(966, 56, 48, 13, 58, 2, 15),
(967, 99, 48, 95, 16, 87, 27),
(968, 55, 48, 36, 81, 6, 2),
(969, 41, 48, 58, 52, 30, 6),
(970, 64, 49, 39, 39, 51, 53),
(971, 37, 49, 39, 9, 18, 96),
(972, 68, 49, 82, 74, 52, 72),
(973, 38, 49, 63, 61, 4, 79),
(974, 25, 49, 3, 24, 11, 46),
(975, 24, 49, 49, 75, 10, 9),
(976, 67, 49, 62, 32, 13, 77),
(977, 14, 49, 100, 46, 96, 50),
(978, 11, 49, 10, 13, 40, 66),
(979, 81, 49, 73, 77, 97, 22),
(980, 66, 49, 74, 100, 52, 56),
(981, 0, 49, 32, 10, 30, 80),
(982, 18, 49, 94, 55, 63, 59),
(983, 87, 49, 22, 96, 73, 71),
(984, 35, 49, 68, 99, 20, 97),
(985, 9, 49, 36, 27, 9, 8),
(986, 81, 49, 21, 71, 14, 5),
(987, 89, 49, 89, 13, 73, 58),
(988, 86, 49, 32, 98, 40, 5),
(989, 60, 49, 33, 46, 2, 92),
(990, 49, 50, 20, 64, 89, 21),
(991, 83, 50, 41, 8, 81, 12),
(992, 20, 50, 0, 13, 59, 98),
(993, 93, 50, 100, 71, 81, 4),
(994, 37, 50, 25, 81, 21, 0),
(995, 79, 50, 5, 22, 7, 82),
(996, 72, 50, 85, 98, 33, 81),
(997, 82, 50, 48, 52, 19, 8),
(998, 81, 50, 83, 85, 95, 80),
(999, 36, 50, 70, 68, 58, 87),
(1000, 63, 50, 32, 31, 4, 7),
(1001, 63, 50, 82, 73, 41, 44),
(1002, 16, 50, 2, 19, 85, 44),
(1003, 78, 50, 28, 21, 4, 54),
(1004, 0, 50, 100, 12, 39, 33),
(1005, 11, 50, 50, 19, 44, 59),
(1006, 36, 50, 48, 34, 99, 63),
(1007, 22, 50, 83, 44, 53, 74),
(1008, 5, 50, 65, 48, 55, 64),
(1009, 13, 50, 72, 3, 44, 93),
(1010, 83, 51, 72, 91, 66, 29),
(1011, 19, 51, 42, 19, 8, 62),
(1012, 81, 51, 9, 65, 6, 15),
(1013, 30, 51, 30, 96, 6, 4),
(1014, 28, 51, 38, 22, 7, 8),
(1015, 1, 51, 72, 19, 89, 17),
(1016, 31, 51, 78, 9, 48, 75),
(1017, 11, 51, 31, 42, 14, 77),
(1018, 10, 51, 100, 63, 81, 59),
(1019, 67, 51, 86, 3, 48, 49),
(1020, 34, 51, 18, 65, 9, 69),
(1021, 55, 51, 28, 60, 34, 16),
(1022, 41, 51, 57, 10, 76, 27),
(1023, 3, 51, 37, 100, 24, 65),
(1024, 44, 51, 1, 11, 21, 66),
(1025, 14, 51, 78, 34, 13, 64),
(1026, 3, 51, 25, 70, 35, 80),
(1027, 72, 51, 91, 81, 73, 91),
(1028, 93, 51, 44, 61, 21, 42),
(1029, 90, 51, 90, 70, 100, 79),
(1030, 41, 52, 27, 79, 19, 69),
(1031, 51, 52, 67, 67, 73, 88),
(1032, 42, 52, 29, 79, 81, 47),
(1033, 46, 52, 39, 0, 57, 75),
(1034, 77, 52, 94, 95, 74, 80),
(1035, 53, 52, 50, 38, 2, 52),
(1036, 71, 52, 40, 93, 72, 46),
(1037, 39, 52, 40, 34, 68, 11),
(1038, 21, 52, 0, 73, 88, 15),
(1039, 48, 52, 54, 38, 98, 42),
(1040, 76, 52, 82, 32, 21, 0),
(1041, 24, 52, 63, 86, 64, 53),
(1042, 81, 52, 53, 17, 99, 79),
(1043, 74, 52, 75, 58, 4, 59),
(1044, 46, 52, 58, 48, 22, 49),
(1045, 4, 52, 69, 7, 58, 89),
(1046, 89, 52, 62, 100, 24, 15),
(1047, 99, 52, 71, 100, 91, 87),
(1048, 55, 52, 29, 99, 48, 5),
(1049, 10, 52, 24, 23, 5, 86),
(1050, 3, 53, 23, 86, 27, 16),
(1051, 56, 53, 78, 55, 65, 18),
(1052, 75, 53, 82, 98, 32, 32),
(1053, 71, 53, 99, 53, 17, 96),
(1054, 96, 53, 52, 28, 54, 47),
(1055, 68, 53, 42, 12, 19, 53),
(1056, 53, 53, 64, 0, 78, 39),
(1057, 0, 53, 23, 74, 84, 5),
(1058, 11, 53, 41, 20, 62, 61),
(1059, 2, 53, 67, 28, 29, 49),
(1060, 31, 53, 70, 78, 9, 52),
(1061, 4, 53, 89, 43, 48, 43),
(1062, 52, 53, 94, 32, 54, 1),
(1063, 99, 53, 75, 17, 45, 90),
(1064, 32, 53, 29, 28, 3, 70),
(1065, 36, 53, 69, 40, 18, 31),
(1066, 80, 53, 61, 100, 68, 58),
(1067, 96, 53, 83, 48, 66, 82),
(1068, 81, 53, 29, 26, 60, 78),
(1069, 79, 53, 93, 35, 76, 48),
(1070, 40, 54, 89, 0, 42, 24),
(1071, 30, 54, 43, 13, 22, 6),
(1072, 40, 54, 48, 46, 14, 26),
(1073, 72, 54, 27, 13, 84, 17),
(1074, 1, 54, 57, 13, 71, 42),
(1075, 85, 54, 14, 32, 21, 62),
(1076, 7, 54, 67, 86, 20, 8),
(1077, 43, 54, 59, 17, 8, 85),
(1078, 57, 54, 54, 1, 12, 39),
(1079, 61, 54, 12, 22, 51, 54),
(1080, 9, 54, 52, 94, 37, 83),
(1081, 82, 54, 15, 65, 23, 8),
(1082, 57, 54, 99, 39, 32, 4),
(1083, 22, 54, 97, 74, 80, 81),
(1084, 34, 54, 0, 69, 12, 20),
(1085, 11, 54, 38, 69, 38, 38),
(1086, 25, 54, 7, 21, 100, 63),
(1087, 1, 54, 20, 25, 58, 9),
(1088, 27, 54, 89, 22, 30, 8),
(1089, 13, 54, 79, 53, 23, 51),
(1090, 59, 55, 36, 31, 31, 24),
(1091, 11, 55, 22, 8, 16, 3),
(1092, 93, 55, 1, 28, 67, 84),
(1093, 30, 55, 9, 59, 24, 59),
(1094, 39, 55, 60, 77, 4, 14),
(1095, 8, 55, 85, 44, 27, 4),
(1096, 11, 55, 81, 52, 41, 20),
(1097, 47, 55, 98, 88, 94, 99),
(1098, 50, 55, 98, 85, 43, 59),
(1099, 8, 55, 79, 97, 19, 18),
(1100, 76, 55, 54, 42, 56, 48),
(1101, 22, 55, 52, 13, 19, 42),
(1102, 8, 55, 16, 52, 40, 14),
(1103, 59, 55, 33, 13, 5, 8),
(1104, 4, 55, 60, 99, 40, 46),
(1105, 7, 55, 5, 51, 59, 51),
(1106, 76, 55, 23, 55, 21, 39),
(1107, 37, 55, 28, 35, 19, 3),
(1108, 65, 55, 75, 15, 78, 37),
(1109, 73, 55, 44, 80, 52, 82),
(1110, 78, 56, 75, 70, 89, 56),
(1111, 89, 56, 18, 28, 89, 24),
(1112, 71, 56, 72, 64, 74, 87),
(1113, 49, 56, 55, 12, 41, 1),
(1114, 44, 56, 5, 46, 0, 73),
(1115, 36, 56, 31, 71, 14, 21),
(1116, 80, 56, 71, 82, 67, 99),
(1117, 30, 56, 26, 79, 37, 1),
(1118, 1, 56, 84, 85, 88, 47),
(1119, 53, 56, 56, 94, 49, 82),
(1120, 74, 56, 61, 88, 44, 78),
(1121, 6, 56, 57, 18, 2, 64),
(1122, 25, 56, 91, 34, 70, 64),
(1123, 43, 56, 54, 19, 38, 61),
(1124, 10, 56, 98, 62, 34, 80),
(1125, 98, 56, 95, 38, 7, 93),
(1126, 70, 56, 100, 91, 55, 34),
(1127, 43, 56, 53, 37, 23, 65),
(1128, 72, 56, 61, 15, 17, 28),
(1129, 10, 56, 17, 91, 31, 31),
(1130, 88, 57, 88, 42, 69, 95),
(1131, 99, 57, 18, 96, 26, 33),
(1132, 14, 57, 60, 53, 48, 17),
(1133, 87, 57, 94, 14, 98, 70),
(1134, 63, 57, 41, 57, 55, 46),
(1135, 15, 57, 99, 8, 63, 44),
(1136, 65, 57, 60, 94, 58, 68),
(1137, 97, 57, 52, 7, 12, 5),
(1138, 42, 57, 55, 49, 17, 62),
(1139, 28, 57, 8, 91, 94, 75),
(1140, 52, 57, 21, 99, 89, 10),
(1141, 48, 57, 31, 5, 77, 64),
(1142, 78, 57, 38, 0, 59, 65),
(1143, 54, 57, 9, 68, 43, 9),
(1144, 33, 57, 39, 43, 11, 88),
(1145, 90, 57, 98, 29, 63, 28),
(1146, 38, 57, 1, 31, 29, 79),
(1147, 22, 57, 53, 36, 71, 78),
(1148, 87, 57, 81, 9, 52, 24),
(1149, 32, 57, 25, 3, 22, 33),
(1150, 62, 58, 73, 69, 24, 80),
(1151, 64, 58, 33, 48, 36, 97),
(1152, 23, 58, 55, 88, 93, 28),
(1153, 35, 58, 28, 1, 26, 76),
(1154, 10, 58, 57, 88, 26, 26),
(1155, 68, 58, 89, 3, 62, 45),
(1156, 70, 58, 85, 37, 10, 0),
(1157, 17, 58, 62, 81, 87, 70),
(1158, 18, 58, 41, 83, 6, 66),
(1159, 26, 58, 48, 98, 100, 49),
(1160, 60, 58, 38, 2, 38, 44),
(1161, 95, 58, 34, 65, 51, 0),
(1162, 9, 58, 66, 9, 20, 77),
(1163, 77, 58, 45, 84, 33, 98),
(1164, 69, 58, 35, 80, 64, 97),
(1165, 69, 58, 48, 2, 38, 74),
(1166, 62, 58, 56, 46, 27, 98),
(1167, 54, 58, 90, 39, 4, 24),
(1168, 66, 58, 13, 30, 80, 69),
(1169, 23, 58, 68, 3, 66, 69),
(1170, 22, 59, 4, 16, 75, 84),
(1171, 2, 59, 70, 83, 92, 9),
(1172, 77, 59, 100, 53, 32, 59),
(1173, 80, 59, 23, 20, 52, 100),
(1174, 70, 59, 82, 48, 72, 67),
(1175, 50, 59, 97, 29, 89, 24),
(1176, 92, 59, 9, 82, 89, 16),
(1177, 39, 59, 79, 95, 6, 75),
(1178, 85, 59, 18, 36, 75, 22),
(1179, 41, 59, 36, 34, 41, 57),
(1180, 42, 59, 17, 11, 74, 5),
(1181, 76, 59, 100, 42, 65, 12),
(1182, 26, 59, 38, 21, 7, 77),
(1183, 21, 59, 25, 43, 50, 7),
(1184, 18, 59, 60, 46, 46, 8),
(1185, 53, 59, 68, 72, 52, 80),
(1186, 72, 59, 53, 16, 35, 60),
(1187, 81, 59, 30, 9, 63, 45),
(1188, 60, 59, 57, 14, 31, 97),
(1189, 9, 59, 37, 3, 65, 83),
(1190, 48, 60, 40, 47, 44, 52),
(1191, 91, 60, 49, 36, 24, 97),
(1192, 23, 60, 43, 53, 2, 6),
(1193, 72, 60, 34, 19, 21, 12),
(1194, 76, 60, 7, 100, 62, 26),
(1195, 85, 60, 24, 64, 94, 15),
(1196, 68, 60, 6, 50, 65, 48),
(1197, 56, 60, 51, 31, 85, 68),
(1198, 54, 60, 73, 57, 52, 32),
(1199, 93, 60, 69, 68, 25, 70),
(1200, 89, 60, 86, 11, 61, 92),
(1201, 89, 60, 23, 51, 99, 33),
(1202, 54, 60, 79, 13, 85, 88),
(1203, 98, 60, 81, 89, 3, 3),
(1204, 52, 60, 16, 92, 59, 72),
(1205, 43, 60, 10, 49, 97, 1),
(1206, 28, 60, 96, 61, 70, 70),
(1207, 50, 60, 39, 48, 36, 14),
(1208, 14, 60, 54, 51, 36, 64),
(1209, 6, 60, 22, 76, 79, 51),
(1210, 2, 61, 57, 15, 44, 94),
(1211, 18, 61, 43, 7, 70, 22),
(1212, 100, 61, 8, 94, 68, 72),
(1213, 61, 61, 74, 36, 84, 26),
(1214, 100, 61, 15, 36, 53, 80),
(1215, 33, 61, 44, 32, 70, 7),
(1216, 89, 61, 20, 75, 86, 8),
(1217, 50, 61, 74, 81, 98, 27),
(1218, 75, 61, 52, 71, 61, 51),
(1219, 49, 61, 64, 10, 54, 14),
(1220, 73, 61, 44, 18, 84, 6),
(1221, 21, 61, 1, 54, 72, 90),
(1222, 22, 61, 23, 80, 20, 55),
(1223, 75, 61, 61, 65, 97, 27),
(1224, 98, 61, 85, 27, 30, 33),
(1225, 98, 61, 98, 68, 9, 63),
(1226, 75, 61, 69, 22, 55, 7),
(1227, 12, 61, 87, 54, 68, 0),
(1228, 14, 61, 0, 26, 26, 33),
(1229, 14, 61, 42, 27, 19, 81),
(1230, 15, 62, 85, 2, 70, 98),
(1231, 3, 62, 47, 88, 11, 81),
(1232, 37, 62, 100, 30, 11, 91),
(1233, 42, 62, 70, 100, 8, 83),
(1234, 100, 62, 80, 71, 36, 24),
(1235, 0, 62, 98, 65, 83, 6),
(1236, 49, 62, 39, 50, 25, 8),
(1237, 7, 62, 76, 18, 9, 69),
(1238, 42, 62, 89, 78, 88, 10),
(1239, 11, 62, 73, 7, 89, 13),
(1240, 13, 62, 42, 62, 82, 88),
(1241, 38, 62, 65, 98, 65, 49),
(1242, 52, 62, 93, 74, 67, 17),
(1243, 89, 62, 32, 11, 78, 73),
(1244, 32, 62, 54, 44, 7, 85),
(1245, 51, 62, 38, 71, 34, 64),
(1246, 60, 62, 7, 29, 31, 72),
(1247, 21, 62, 34, 8, 52, 86),
(1248, 24, 62, 73, 67, 42, 98),
(1249, 23, 62, 33, 15, 95, 21),
(1250, 68, 63, 88, 93, 59, 32),
(1251, 44, 63, 62, 1, 74, 23),
(1252, 13, 63, 33, 76, 92, 16),
(1253, 85, 63, 78, 62, 54, 27),
(1254, 23, 63, 39, 97, 20, 43),
(1255, 42, 63, 4, 87, 74, 20),
(1256, 22, 63, 60, 57, 95, 46),
(1257, 39, 63, 48, 49, 86, 12),
(1258, 71, 63, 67, 46, 79, 71),
(1259, 4, 63, 93, 69, 61, 31),
(1260, 54, 63, 68, 74, 32, 45),
(1261, 13, 63, 82, 83, 57, 96),
(1262, 7, 63, 60, 13, 62, 35),
(1263, 48, 63, 17, 38, 29, 99),
(1264, 85, 63, 80, 64, 38, 51),
(1265, 28, 63, 15, 40, 6, 93),
(1266, 74, 63, 90, 32, 61, 100),
(1267, 83, 63, 85, 58, 13, 53),
(1268, 67, 63, 36, 50, 3, 71),
(1269, 22, 63, 88, 55, 42, 4),
(1270, 53, 64, 67, 96, 21, 82),
(1271, 42, 64, 87, 46, 77, 11),
(1272, 68, 64, 3, 68, 75, 86),
(1273, 83, 64, 4, 84, 96, 5),
(1274, 12, 64, 18, 65, 12, 92),
(1275, 22, 64, 24, 42, 77, 86),
(1276, 74, 64, 88, 27, 22, 58),
(1277, 92, 64, 21, 98, 2, 92),
(1278, 37, 64, 78, 30, 30, 37),
(1279, 58, 64, 75, 60, 44, 92),
(1280, 85, 64, 36, 29, 20, 97),
(1281, 11, 64, 90, 51, 86, 5),
(1282, 40, 64, 86, 28, 53, 63),
(1283, 69, 64, 35, 62, 38, 61),
(1284, 67, 64, 88, 17, 55, 69),
(1285, 36, 64, 96, 7, 18, 44),
(1286, 83, 64, 68, 10, 23, 56),
(1287, 17, 64, 66, 15, 43, 98),
(1288, 12, 64, 27, 14, 59, 73),
(1289, 39, 64, 88, 61, 10, 61),
(1290, 57, 65, 70, 93, 29, 67),
(1291, 51, 65, 47, 35, 80, 71),
(1292, 13, 65, 55, 16, 73, 98),
(1293, 68, 65, 46, 68, 8, 54),
(1294, 92, 65, 39, 45, 76, 7),
(1295, 16, 65, 88, 3, 54, 26),
(1296, 71, 65, 79, 32, 42, 63),
(1297, 98, 65, 10, 75, 89, 52),
(1298, 19, 65, 88, 98, 86, 76),
(1299, 99, 65, 52, 71, 3, 81),
(1300, 45, 65, 47, 82, 70, 50),
(1301, 60, 65, 70, 78, 63, 72),
(1302, 45, 65, 58, 26, 5, 43),
(1303, 61, 65, 77, 55, 61, 38),
(1304, 58, 65, 73, 94, 33, 10),
(1305, 37, 65, 77, 86, 44, 0),
(1306, 95, 65, 59, 91, 62, 90),
(1307, 9, 65, 70, 34, 5, 17),
(1308, 82, 65, 62, 4, 6, 51),
(1309, 52, 65, 92, 19, 54, 10),
(1310, 71, 66, 10, 36, 7, 68),
(1311, 81, 66, 4, 53, 6, 86),
(1312, 91, 66, 12, 46, 64, 47),
(1313, 65, 66, 20, 68, 73, 53),
(1314, 18, 66, 63, 94, 30, 14),
(1315, 56, 66, 20, 66, 12, 58),
(1316, 84, 66, 78, 25, 81, 29),
(1317, 38, 66, 18, 17, 86, 50),
(1318, 0, 66, 7, 98, 67, 58),
(1319, 24, 66, 93, 36, 47, 67),
(1320, 70, 66, 98, 47, 43, 39),
(1321, 54, 66, 36, 5, 97, 28),
(1322, 20, 66, 99, 81, 30, 49),
(1323, 63, 66, 31, 70, 100, 69),
(1324, 3, 66, 60, 95, 77, 83),
(1325, 56, 66, 22, 64, 36, 60),
(1326, 6, 66, 37, 26, 67, 81),
(1327, 47, 66, 2, 49, 41, 0),
(1328, 0, 66, 49, 7, 9, 1),
(1329, 7, 66, 8, 16, 84, 38),
(1330, 28, 67, 13, 89, 26, 22),
(1331, 51, 67, 88, 60, 12, 66),
(1332, 47, 67, 95, 8, 19, 85),
(1333, 74, 67, 24, 78, 66, 55),
(1334, 50, 67, 95, 14, 33, 36),
(1335, 100, 67, 30, 17, 22, 37),
(1336, 50, 67, 82, 94, 14, 96),
(1337, 21, 67, 76, 11, 72, 66),
(1338, 23, 67, 76, 51, 76, 16),
(1339, 3, 67, 91, 34, 34, 42),
(1340, 53, 67, 58, 15, 54, 49),
(1341, 81, 67, 83, 29, 79, 83),
(1342, 4, 67, 66, 38, 30, 10),
(1343, 47, 67, 78, 27, 11, 88),
(1344, 50, 67, 58, 83, 27, 34),
(1345, 96, 67, 3, 29, 27, 9),
(1346, 74, 67, 3, 42, 28, 11),
(1347, 3, 67, 61, 19, 65, 93),
(1348, 12, 67, 73, 31, 52, 81),
(1349, 46, 67, 58, 76, 77, 18),
(1350, 47, 68, 8, 53, 95, 19),
(1351, 45, 68, 6, 77, 71, 90),
(1352, 48, 68, 69, 67, 33, 81),
(1353, 41, 68, 26, 11, 63, 37),
(1354, 6, 68, 40, 37, 50, 15),
(1355, 17, 68, 27, 45, 75, 7),
(1356, 93, 68, 6, 53, 13, 63),
(1357, 52, 68, 61, 33, 89, 50),
(1358, 30, 68, 98, 0, 52, 73),
(1359, 76, 68, 13, 4, 88, 16),
(1360, 5, 68, 77, 46, 73, 56),
(1361, 69, 68, 55, 37, 92, 63),
(1362, 53, 68, 58, 41, 82, 98),
(1363, 9, 68, 8, 82, 96, 46),
(1364, 53, 68, 94, 83, 84, 93),
(1365, 91, 68, 88, 49, 69, 30),
(1366, 49, 68, 90, 84, 88, 64),
(1367, 29, 68, 53, 78, 43, 73),
(1368, 3, 68, 2, 89, 22, 31),
(1369, 31, 68, 22, 92, 86, 88),
(1370, 49, 69, 3, 28, 77, 91),
(1371, 47, 69, 96, 83, 5, 23),
(1372, 44, 69, 79, 80, 88, 77),
(1373, 89, 69, 12, 52, 53, 65),
(1374, 78, 69, 81, 4, 32, 53),
(1375, 40, 69, 69, 22, 0, 76),
(1376, 40, 69, 73, 99, 4, 83),
(1377, 14, 69, 13, 43, 53, 66),
(1378, 81, 69, 29, 72, 93, 84),
(1379, 77, 69, 13, 53, 57, 19),
(1380, 7, 69, 81, 53, 91, 37),
(1381, 9, 69, 90, 78, 58, 62),
(1382, 4, 69, 16, 21, 74, 81),
(1383, 7, 69, 15, 60, 32, 32),
(1384, 44, 69, 16, 49, 13, 83),
(1385, 69, 69, 0, 47, 57, 71),
(1386, 0, 69, 19, 67, 94, 71),
(1387, 28, 69, 0, 26, 63, 96),
(1388, 7, 69, 81, 2, 72, 76),
(1389, 86, 69, 85, 44, 39, 55),
(1390, 46, 70, 42, 69, 42, 90),
(1391, 18, 70, 56, 94, 47, 85),
(1392, 54, 70, 61, 76, 62, 86),
(1393, 30, 70, 53, 85, 30, 8),
(1394, 5, 70, 80, 25, 83, 91),
(1395, 17, 70, 33, 56, 46, 52),
(1396, 91, 70, 39, 16, 95, 22),
(1397, 86, 70, 3, 81, 68, 79),
(1398, 31, 70, 64, 17, 49, 84),
(1399, 82, 70, 72, 94, 51, 5),
(1400, 27, 70, 83, 69, 93, 46),
(1401, 81, 70, 39, 68, 91, 59),
(1402, 72, 70, 25, 87, 90, 71),
(1403, 34, 70, 63, 6, 57, 37),
(1404, 75, 70, 20, 92, 50, 75),
(1405, 52, 70, 36, 57, 56, 46),
(1406, 26, 70, 24, 40, 34, 31),
(1407, 53, 70, 60, 73, 12, 42),
(1408, 42, 70, 41, 59, 85, 9),
(1409, 77, 70, 27, 2, 78, 64),
(1410, 99, 71, 84, 98, 52, 32),
(1411, 26, 71, 54, 65, 85, 17),
(1412, 38, 71, 28, 82, 64, 26),
(1413, 52, 71, 47, 6, 55, 93),
(1414, 86, 71, 17, 78, 51, 55),
(1415, 80, 71, 39, 78, 87, 37),
(1416, 62, 71, 32, 31, 71, 53),
(1417, 31, 71, 74, 99, 70, 82),
(1418, 45, 71, 10, 93, 99, 31),
(1419, 87, 71, 9, 31, 87, 25),
(1420, 59, 71, 40, 36, 58, 22),
(1421, 43, 71, 59, 23, 35, 10),
(1422, 42, 71, 48, 18, 99, 8),
(1423, 24, 71, 16, 73, 66, 84),
(1424, 20, 71, 20, 34, 78, 39),
(1425, 71, 71, 7, 26, 73, 7),
(1426, 37, 71, 56, 35, 55, 8),
(1427, 31, 71, 83, 57, 97, 91),
(1428, 7, 71, 2, 20, 98, 41),
(1429, 41, 71, 5, 54, 16, 37),
(1430, 90, 72, 20, 6, 80, 32),
(1431, 74, 72, 22, 41, 9, 15),
(1432, 14, 72, 13, 16, 48, 52),
(1433, 12, 72, 56, 67, 27, 64),
(1434, 85, 72, 25, 72, 70, 58),
(1435, 100, 72, 7, 79, 100, 49),
(1436, 64, 72, 76, 18, 74, 16),
(1437, 93, 72, 96, 47, 12, 52),
(1438, 24, 72, 61, 22, 77, 15),
(1439, 46, 72, 67, 88, 23, 56),
(1440, 7, 72, 14, 54, 62, 67),
(1441, 35, 72, 23, 98, 100, 72),
(1442, 50, 72, 50, 31, 70, 22),
(1443, 16, 72, 69, 68, 16, 19),
(1444, 44, 72, 21, 13, 36, 36),
(1445, 64, 72, 46, 48, 99, 50),
(1446, 100, 72, 45, 46, 100, 34),
(1447, 45, 72, 47, 3, 72, 28),
(1448, 56, 72, 89, 52, 73, 9),
(1449, 93, 72, 25, 62, 58, 13),
(1450, 32, 73, 1, 13, 24, 92),
(1451, 35, 73, 75, 9, 19, 71),
(1452, 48, 73, 13, 83, 96, 39),
(1453, 30, 73, 67, 15, 38, 22),
(1454, 35, 73, 19, 12, 88, 43),
(1455, 38, 73, 94, 69, 35, 64),
(1456, 1, 73, 77, 89, 0, 62),
(1457, 55, 73, 88, 65, 14, 7),
(1458, 90, 73, 65, 64, 26, 97),
(1459, 10, 73, 85, 44, 48, 85),
(1460, 72, 73, 41, 9, 41, 10),
(1461, 17, 73, 30, 93, 54, 49),
(1462, 48, 73, 37, 70, 70, 77),
(1463, 18, 73, 21, 60, 43, 45),
(1464, 13, 73, 42, 95, 73, 71),
(1465, 12, 73, 58, 48, 65, 34),
(1466, 14, 73, 80, 8, 76, 38),
(1467, 30, 73, 41, 33, 1, 0),
(1468, 16, 73, 94, 88, 51, 67),
(1469, 57, 73, 92, 7, 89, 26),
(1470, 99, 74, 3, 91, 61, 75),
(1471, 62, 74, 72, 71, 75, 17),
(1472, 44, 74, 15, 12, 81, 25),
(1473, 75, 74, 39, 82, 82, 72),
(1474, 84, 74, 34, 2, 3, 49),
(1475, 72, 74, 71, 78, 57, 42),
(1476, 35, 74, 82, 52, 73, 9),
(1477, 14, 74, 61, 32, 52, 34),
(1478, 66, 74, 25, 60, 59, 5),
(1479, 36, 74, 6, 23, 5, 18),
(1480, 92, 74, 58, 39, 76, 70),
(1481, 77, 74, 31, 33, 77, 5),
(1482, 99, 74, 81, 58, 74, 38),
(1483, 14, 74, 72, 95, 71, 43),
(1484, 99, 74, 32, 90, 2, 3),
(1485, 26, 74, 15, 19, 41, 41),
(1486, 18, 74, 100, 2, 15, 97),
(1487, 25, 74, 8, 25, 59, 100),
(1488, 15, 74, 45, 44, 94, 82),
(1489, 1, 74, 87, 17, 49, 11),
(1490, 80, 75, 81, 62, 17, 99),
(1491, 79, 75, 4, 71, 77, 13),
(1492, 22, 75, 100, 87, 55, 85),
(1493, 81, 75, 25, 58, 58, 68),
(1494, 96, 75, 45, 0, 78, 16),
(1495, 0, 75, 25, 44, 59, 31),
(1496, 99, 75, 27, 58, 88, 85),
(1497, 93, 75, 49, 69, 4, 35),
(1498, 4, 75, 81, 74, 19, 84),
(1499, 38, 75, 45, 96, 81, 25),
(1500, 65, 75, 52, 63, 26, 50),
(1501, 19, 75, 58, 38, 21, 70),
(1502, 50, 75, 30, 66, 49, 80),
(1503, 17, 75, 69, 79, 71, 71),
(1504, 75, 75, 75, 97, 28, 13),
(1505, 78, 75, 1, 6, 46, 32),
(1506, 75, 75, 49, 4, 8, 92),
(1507, 38, 75, 31, 72, 76, 86),
(1508, 14, 75, 45, 39, 13, 76),
(1509, 33, 75, 11, 66, 51, 94),
(1510, 92, 76, 59, 17, 16, 4),
(1511, 70, 76, 59, 100, 1, 34),
(1512, 8, 76, 16, 48, 48, 37),
(1513, 91, 76, 89, 98, 52, 20),
(1514, 75, 76, 53, 77, 56, 0),
(1515, 89, 76, 69, 38, 48, 2),
(1516, 34, 76, 56, 68, 72, 67),
(1517, 28, 76, 84, 82, 64, 12),
(1518, 19, 76, 88, 76, 47, 78),
(1519, 19, 76, 55, 24, 37, 44),
(1520, 26, 76, 47, 14, 53, 100),
(1521, 93, 76, 52, 31, 81, 0),
(1522, 11, 76, 29, 2, 1, 96),
(1523, 54, 76, 98, 62, 42, 42),
(1524, 55, 76, 68, 29, 68, 99),
(1525, 17, 76, 12, 67, 10, 30),
(1526, 64, 76, 54, 26, 42, 19),
(1527, 27, 76, 23, 96, 55, 33),
(1528, 8, 76, 100, 76, 39, 38),
(1529, 28, 76, 74, 66, 48, 88),
(1530, 26, 77, 35, 98, 26, 64),
(1531, 35, 77, 36, 60, 70, 41),
(1532, 7, 77, 37, 58, 59, 42),
(1533, 86, 77, 58, 42, 16, 73),
(1534, 75, 77, 12, 11, 16, 60),
(1535, 33, 77, 98, 75, 43, 56),
(1536, 56, 77, 27, 41, 19, 33),
(1537, 19, 77, 16, 43, 74, 34),
(1538, 28, 77, 49, 75, 31, 34),
(1539, 66, 77, 23, 14, 72, 11),
(1540, 85, 77, 97, 12, 61, 60),
(1541, 84, 77, 46, 65, 42, 54),
(1542, 46, 77, 59, 54, 79, 62),
(1543, 18, 77, 87, 8, 91, 1),
(1544, 64, 77, 36, 17, 11, 60),
(1545, 22, 77, 48, 4, 39, 3),
(1546, 32, 77, 61, 35, 3, 43),
(1547, 54, 77, 7, 44, 74, 99),
(1548, 52, 77, 80, 2, 74, 24),
(1549, 82, 77, 1, 95, 75, 22),
(1550, 50, 78, 49, 64, 6, 71),
(1551, 78, 78, 45, 41, 86, 8),
(1552, 63, 78, 45, 93, 15, 62),
(1553, 21, 78, 85, 9, 22, 6),
(1554, 40, 78, 67, 11, 70, 48),
(1555, 34, 78, 6, 52, 52, 4),
(1556, 7, 78, 84, 5, 94, 75),
(1557, 57, 78, 70, 40, 59, 73),
(1558, 2, 78, 67, 52, 86, 62),
(1559, 22, 78, 65, 9, 46, 39),
(1560, 33, 78, 43, 5, 2, 16),
(1561, 32, 78, 77, 1, 61, 25),
(1562, 23, 78, 28, 61, 77, 51),
(1563, 10, 78, 6, 55, 56, 45),
(1564, 57, 78, 22, 38, 82, 1),
(1565, 30, 78, 20, 4, 46, 9),
(1566, 56, 78, 36, 48, 38, 10),
(1567, 61, 78, 29, 92, 85, 33),
(1568, 9, 78, 39, 43, 81, 30),
(1569, 93, 78, 80, 23, 40, 73),
(1570, 31, 79, 62, 23, 32, 85),
(1571, 85, 79, 12, 83, 44, 33),
(1572, 32, 79, 77, 19, 85, 83),
(1573, 49, 79, 28, 88, 75, 17),
(1574, 90, 79, 40, 52, 18, 50),
(1575, 37, 79, 7, 74, 5, 61),
(1576, 5, 79, 1, 66, 77, 1),
(1577, 76, 79, 20, 31, 41, 6),
(1578, 21, 79, 56, 88, 78, 95),
(1579, 86, 79, 98, 48, 35, 30),
(1580, 39, 79, 69, 94, 73, 30),
(1581, 35, 79, 58, 49, 60, 24),
(1582, 63, 79, 41, 4, 85, 48),
(1583, 36, 79, 7, 82, 21, 57),
(1584, 25, 79, 59, 24, 35, 93),
(1585, 26, 79, 28, 11, 7, 79),
(1586, 34, 79, 89, 34, 92, 44),
(1587, 58, 79, 34, 8, 76, 49),
(1588, 10, 79, 2, 68, 56, 43),
(1589, 21, 79, 46, 97, 100, 48),
(1590, 76, 80, 25, 36, 6, 48),
(1591, 8, 80, 78, 29, 90, 91),
(1592, 23, 80, 1, 27, 73, 38),
(1593, 67, 80, 75, 68, 2, 15),
(1594, 12, 80, 22, 0, 42, 96),
(1595, 19, 80, 96, 51, 40, 17),
(1596, 6, 80, 77, 12, 12, 83),
(1597, 28, 80, 51, 51, 94, 53),
(1598, 26, 80, 3, 57, 64, 22),
(1599, 82, 80, 43, 86, 23, 61),
(1600, 94, 80, 58, 7, 37, 44),
(1601, 96, 80, 74, 36, 61, 90),
(1602, 6, 80, 18, 12, 52, 49),
(1603, 50, 80, 32, 48, 65, 3),
(1604, 99, 80, 91, 70, 25, 51),
(1605, 8, 80, 21, 24, 15, 99),
(1606, 21, 80, 5, 57, 58, 51),
(1607, 100, 80, 64, 67, 26, 47),
(1608, 47, 80, 27, 53, 66, 23),
(1609, 47, 80, 20, 30, 12, 34),
(1610, 22, 81, 45, 31, 43, 76),
(1611, 66, 81, 2, 74, 67, 53),
(1612, 96, 81, 8, 81, 52, 0),
(1613, 47, 81, 36, 32, 56, 83),
(1614, 69, 81, 13, 36, 62, 61),
(1615, 94, 81, 37, 75, 70, 91),
(1616, 52, 81, 91, 32, 11, 38),
(1617, 18, 81, 49, 72, 27, 51),
(1618, 34, 81, 7, 62, 9, 1),
(1619, 58, 81, 67, 73, 44, 82),
(1620, 9, 81, 14, 59, 85, 42),
(1621, 85, 81, 25, 17, 1, 81),
(1622, 49, 81, 47, 20, 92, 54),
(1623, 73, 81, 25, 44, 22, 29),
(1624, 12, 81, 76, 95, 24, 92),
(1625, 43, 81, 69, 88, 91, 67),
(1626, 19, 81, 50, 32, 89, 56),
(1627, 43, 81, 50, 95, 70, 12),
(1628, 37, 81, 21, 16, 73, 19),
(1629, 36, 81, 2, 99, 98, 83),
(1630, 13, 82, 5, 40, 97, 72),
(1631, 52, 82, 14, 58, 7, 19),
(1632, 0, 82, 3, 35, 69, 30),
(1633, 62, 82, 61, 8, 87, 17),
(1634, 96, 82, 77, 80, 89, 10),
(1635, 16, 82, 51, 99, 51, 29),
(1636, 26, 82, 80, 70, 14, 5),
(1637, 98, 82, 26, 93, 51, 91),
(1638, 29, 82, 65, 61, 3, 39),
(1639, 85, 82, 74, 9, 42, 19),
(1640, 93, 82, 94, 37, 46, 60),
(1641, 61, 82, 16, 54, 83, 29),
(1642, 62, 82, 32, 76, 93, 8),
(1643, 8, 82, 68, 78, 35, 85),
(1644, 26, 82, 29, 87, 28, 20),
(1645, 56, 82, 66, 38, 1, 19),
(1646, 84, 82, 60, 33, 52, 17),
(1647, 11, 82, 27, 22, 64, 53),
(1648, 39, 82, 8, 55, 27, 71),
(1649, 64, 82, 18, 33, 27, 9),
(1650, 44, 83, 53, 58, 98, 66),
(1651, 51, 83, 44, 44, 34, 1),
(1652, 29, 83, 3, 54, 45, 51),
(1653, 77, 83, 24, 20, 52, 39),
(1654, 5, 83, 23, 6, 100, 94),
(1655, 3, 83, 24, 72, 76, 41),
(1656, 92, 83, 37, 98, 97, 70),
(1657, 50, 83, 67, 92, 93, 81),
(1658, 45, 83, 81, 78, 74, 25),
(1659, 64, 83, 54, 76, 12, 90),
(1660, 98, 83, 23, 61, 62, 32),
(1661, 23, 83, 31, 77, 19, 100),
(1662, 53, 83, 65, 34, 32, 100),
(1663, 13, 83, 37, 29, 71, 72),
(1664, 80, 83, 42, 93, 2, 23),
(1665, 54, 83, 18, 64, 1, 45),
(1666, 66, 83, 98, 0, 96, 50),
(1667, 80, 83, 8, 48, 39, 87),
(1668, 43, 83, 18, 7, 12, 82),
(1669, 17, 83, 2, 61, 90, 20),
(1670, 25, 84, 6, 78, 62, 95),
(1671, 63, 84, 92, 8, 43, 62),
(1672, 92, 84, 43, 85, 40, 24),
(1673, 86, 84, 76, 80, 23, 9),
(1674, 26, 84, 11, 48, 62, 31),
(1675, 62, 84, 10, 62, 13, 65),
(1676, 28, 84, 52, 34, 83, 46),
(1677, 43, 84, 50, 76, 59, 47),
(1678, 36, 84, 83, 79, 15, 62),
(1679, 42, 84, 31, 19, 94, 29),
(1680, 92, 84, 35, 34, 28, 53),
(1681, 9, 84, 58, 62, 54, 31),
(1682, 47, 84, 48, 60, 43, 77),
(1683, 9, 84, 54, 82, 25, 72),
(1684, 65, 84, 82, 62, 51, 75),
(1685, 24, 84, 74, 35, 65, 46),
(1686, 49, 84, 94, 46, 7, 10),
(1687, 11, 84, 81, 95, 65, 52),
(1688, 30, 84, 52, 32, 87, 95),
(1689, 10, 84, 85, 98, 9, 42),
(1690, 98, 85, 46, 49, 65, 48),
(1691, 47, 85, 90, 74, 63, 56),
(1692, 57, 85, 66, 26, 6, 2),
(1693, 12, 85, 86, 62, 29, 100),
(1694, 79, 85, 28, 76, 14, 91),
(1695, 75, 85, 46, 46, 37, 97),
(1696, 43, 85, 83, 8, 63, 19),
(1697, 85, 85, 10, 76, 63, 59),
(1698, 17, 85, 58, 15, 91, 85),
(1699, 42, 85, 55, 22, 39, 55),
(1700, 48, 85, 31, 44, 35, 49),
(1701, 17, 85, 11, 52, 62, 9),
(1702, 12, 85, 82, 91, 8, 19),
(1703, 35, 85, 9, 6, 45, 61),
(1704, 11, 85, 96, 65, 8, 39),
(1705, 6, 85, 40, 23, 100, 80),
(1706, 33, 85, 33, 46, 1, 89),
(1707, 88, 85, 41, 7, 91, 38),
(1708, 7, 85, 57, 57, 23, 40),
(1709, 36, 85, 36, 49, 70, 67),
(1710, 100, 86, 35, 17, 14, 91),
(1711, 13, 86, 66, 94, 40, 26),
(1712, 23, 86, 72, 82, 51, 37),
(1713, 64, 86, 58, 37, 69, 84),
(1714, 72, 86, 79, 29, 94, 37),
(1715, 22, 86, 81, 66, 71, 51),
(1716, 45, 86, 56, 41, 67, 15),
(1717, 44, 86, 13, 4, 34, 24),
(1718, 75, 86, 100, 7, 62, 20),
(1719, 27, 86, 31, 60, 95, 6),
(1720, 70, 86, 21, 82, 35, 41),
(1721, 36, 86, 100, 34, 61, 59),
(1722, 42, 86, 0, 59, 31, 89),
(1723, 56, 86, 98, 88, 91, 31),
(1724, 69, 86, 82, 31, 95, 79),
(1725, 8, 86, 55, 82, 67, 47),
(1726, 44, 86, 53, 31, 29, 30),
(1727, 62, 86, 86, 46, 79, 32),
(1728, 25, 86, 52, 68, 1, 58),
(1729, 25, 86, 93, 79, 58, 13),
(1730, 49, 87, 86, 78, 34, 56),
(1731, 35, 87, 6, 60, 94, 38),
(1732, 53, 87, 67, 64, 61, 14),
(1733, 17, 87, 11, 0, 30, 73);
INSERT INTO `item_rating` (`id`, `quality`, `item_id`, `taste`, `presentation`, `memorability`, `creativity`) VALUES
(1734, 16, 87, 4, 13, 24, 10),
(1735, 64, 87, 74, 34, 77, 16),
(1736, 79, 87, 22, 30, 34, 59),
(1737, 87, 87, 60, 85, 34, 7),
(1738, 8, 87, 16, 37, 68, 70),
(1739, 19, 87, 53, 72, 74, 34),
(1740, 87, 87, 12, 17, 56, 94),
(1741, 90, 87, 29, 80, 13, 96),
(1742, 17, 87, 31, 24, 18, 8),
(1743, 97, 87, 26, 10, 59, 67),
(1744, 92, 87, 24, 77, 3, 37),
(1745, 58, 87, 51, 76, 40, 89),
(1746, 39, 87, 84, 4, 50, 7),
(1747, 78, 87, 10, 74, 35, 91),
(1748, 43, 87, 66, 48, 47, 99),
(1749, 12, 87, 100, 49, 93, 22),
(1750, 24, 88, 31, 67, 35, 6),
(1751, 81, 88, 38, 71, 22, 53),
(1752, 11, 88, 69, 55, 11, 94),
(1753, 99, 88, 41, 71, 79, 70),
(1754, 64, 88, 16, 7, 31, 79),
(1755, 64, 88, 28, 53, 52, 61),
(1756, 26, 88, 21, 40, 5, 31),
(1757, 55, 88, 83, 80, 1, 22),
(1758, 80, 88, 51, 14, 82, 73),
(1759, 12, 88, 47, 9, 30, 21),
(1760, 87, 88, 61, 50, 46, 50),
(1761, 61, 88, 93, 62, 65, 77),
(1762, 92, 88, 22, 51, 69, 44),
(1763, 26, 88, 35, 28, 25, 29),
(1764, 18, 88, 27, 7, 63, 31),
(1765, 34, 88, 57, 17, 95, 99),
(1766, 88, 88, 75, 16, 30, 100),
(1767, 85, 88, 16, 60, 54, 38),
(1768, 17, 88, 85, 15, 33, 17),
(1769, 53, 88, 50, 69, 79, 1),
(1770, 28, 89, 36, 15, 86, 90),
(1771, 34, 89, 31, 61, 8, 77),
(1772, 98, 89, 31, 90, 61, 63),
(1773, 28, 89, 51, 77, 50, 82),
(1774, 12, 89, 26, 43, 18, 57),
(1775, 39, 89, 21, 87, 2, 86),
(1776, 30, 89, 86, 22, 62, 90),
(1777, 49, 89, 59, 8, 42, 71),
(1778, 95, 89, 22, 67, 64, 72),
(1779, 36, 89, 61, 2, 58, 63),
(1780, 100, 89, 61, 72, 10, 68),
(1781, 87, 89, 53, 3, 5, 95),
(1782, 58, 89, 79, 73, 24, 72),
(1783, 5, 89, 18, 38, 40, 7),
(1784, 15, 89, 73, 64, 98, 86),
(1785, 29, 89, 94, 30, 56, 61),
(1786, 47, 89, 11, 44, 17, 80),
(1787, 37, 89, 10, 96, 19, 98),
(1788, 88, 89, 8, 65, 4, 8),
(1789, 37, 89, 93, 53, 4, 86),
(1790, 43, 90, 68, 58, 82, 66),
(1791, 53, 90, 86, 51, 58, 18),
(1792, 32, 90, 13, 40, 27, 24),
(1793, 8, 90, 0, 39, 28, 82),
(1794, 49, 90, 69, 78, 95, 89),
(1795, 43, 90, 4, 5, 7, 35),
(1796, 33, 90, 93, 29, 10, 61),
(1797, 83, 90, 61, 43, 24, 40),
(1798, 31, 90, 15, 96, 90, 11),
(1799, 35, 90, 43, 12, 14, 47),
(1800, 74, 90, 77, 93, 22, 42),
(1801, 17, 90, 48, 88, 38, 60),
(1802, 44, 90, 28, 100, 13, 70),
(1803, 37, 90, 15, 81, 20, 73),
(1804, 56, 90, 56, 87, 32, 84),
(1805, 19, 90, 51, 23, 56, 24),
(1806, 16, 90, 76, 19, 1, 70),
(1807, 4, 90, 8, 47, 50, 45),
(1808, 41, 90, 96, 78, 4, 14),
(1809, 18, 90, 6, 96, 83, 44),
(1810, 21, 91, 20, 20, 80, 62),
(1811, 20, 91, 98, 24, 18, 77),
(1812, 28, 91, 75, 55, 65, 72),
(1813, 91, 91, 69, 57, 46, 94),
(1814, 35, 91, 30, 58, 37, 55),
(1815, 6, 91, 11, 3, 45, 85),
(1816, 59, 91, 91, 6, 90, 86),
(1817, 71, 91, 44, 48, 6, 62),
(1818, 20, 91, 51, 1, 6, 99),
(1819, 78, 91, 90, 17, 38, 5),
(1820, 54, 91, 38, 11, 23, 22),
(1821, 40, 91, 20, 16, 60, 50),
(1822, 72, 91, 27, 51, 55, 44),
(1823, 57, 91, 47, 8, 33, 82),
(1824, 80, 91, 20, 60, 56, 61),
(1825, 1, 91, 37, 57, 74, 82),
(1826, 27, 91, 84, 43, 70, 90),
(1827, 7, 91, 73, 55, 37, 47),
(1828, 74, 91, 27, 9, 51, 37),
(1829, 39, 91, 100, 58, 13, 85),
(1830, 33, 92, 80, 13, 10, 92),
(1831, 26, 92, 82, 54, 70, 43),
(1832, 55, 92, 1, 62, 97, 95),
(1833, 64, 92, 66, 55, 27, 7),
(1834, 44, 92, 16, 84, 11, 21),
(1835, 92, 92, 71, 78, 90, 7),
(1836, 9, 92, 64, 70, 70, 79),
(1837, 91, 92, 84, 63, 71, 51),
(1838, 22, 92, 13, 46, 58, 76),
(1839, 40, 92, 36, 2, 74, 1),
(1840, 51, 92, 87, 57, 25, 74),
(1841, 38, 92, 78, 11, 18, 70),
(1842, 43, 92, 24, 93, 56, 40),
(1843, 86, 92, 33, 69, 1, 53),
(1844, 3, 92, 86, 87, 49, 23),
(1845, 49, 92, 16, 97, 46, 42),
(1846, 42, 92, 3, 57, 97, 79),
(1847, 1, 92, 15, 83, 56, 66),
(1848, 71, 92, 53, 30, 39, 25),
(1849, 64, 92, 14, 48, 59, 86),
(1850, 64, 93, 89, 6, 13, 32),
(1851, 4, 93, 58, 79, 84, 8),
(1852, 60, 93, 33, 0, 62, 100),
(1853, 24, 93, 76, 94, 27, 29),
(1854, 75, 93, 93, 49, 86, 71),
(1855, 38, 93, 7, 44, 84, 95),
(1856, 88, 93, 5, 21, 100, 44),
(1857, 54, 93, 46, 23, 14, 24),
(1858, 83, 93, 37, 85, 94, 10),
(1859, 38, 93, 58, 10, 11, 70),
(1860, 84, 93, 96, 24, 69, 35),
(1861, 45, 93, 76, 29, 56, 10),
(1862, 36, 93, 73, 26, 82, 69),
(1863, 62, 93, 71, 27, 100, 90),
(1864, 94, 93, 10, 41, 20, 14),
(1865, 33, 93, 50, 65, 88, 74),
(1866, 82, 93, 20, 71, 78, 22),
(1867, 31, 93, 6, 35, 32, 30),
(1868, 54, 93, 75, 63, 45, 98),
(1869, 64, 93, 66, 19, 57, 10),
(1870, 71, 94, 85, 65, 35, 37),
(1871, 21, 94, 12, 56, 25, 17),
(1872, 84, 94, 35, 29, 26, 17),
(1873, 41, 94, 68, 98, 87, 19),
(1874, 92, 94, 8, 23, 35, 54),
(1875, 36, 94, 89, 70, 48, 99),
(1876, 65, 94, 15, 68, 6, 78),
(1877, 95, 94, 98, 50, 32, 55),
(1878, 5, 94, 51, 24, 62, 71),
(1879, 67, 94, 0, 29, 1, 38),
(1880, 78, 94, 40, 0, 95, 11),
(1881, 43, 94, 20, 5, 3, 40),
(1882, 6, 94, 39, 58, 70, 2),
(1883, 13, 94, 18, 84, 31, 93),
(1884, 93, 94, 44, 14, 59, 80),
(1885, 69, 94, 21, 93, 64, 26),
(1886, 37, 94, 58, 93, 93, 11),
(1887, 52, 94, 37, 61, 95, 26),
(1888, 69, 94, 95, 70, 2, 56),
(1889, 42, 94, 89, 39, 82, 91),
(1890, 15, 95, 47, 5, 80, 8),
(1891, 85, 95, 7, 63, 22, 90),
(1892, 71, 95, 99, 14, 53, 43),
(1893, 92, 95, 9, 4, 47, 42),
(1894, 17, 95, 82, 3, 84, 10),
(1895, 33, 95, 56, 0, 86, 84),
(1896, 29, 95, 20, 62, 64, 48),
(1897, 78, 95, 72, 30, 86, 29),
(1898, 21, 95, 66, 97, 30, 35),
(1899, 25, 95, 86, 54, 8, 26),
(1900, 38, 95, 33, 3, 44, 1),
(1901, 14, 95, 85, 29, 9, 99),
(1902, 20, 95, 19, 5, 57, 28),
(1903, 48, 95, 77, 69, 31, 3),
(1904, 11, 95, 3, 52, 19, 38),
(1905, 7, 95, 24, 6, 91, 63),
(1906, 43, 95, 48, 64, 31, 42),
(1907, 98, 95, 8, 44, 42, 7),
(1908, 57, 95, 44, 1, 19, 100),
(1909, 51, 95, 7, 32, 12, 99),
(1910, 69, 96, 19, 42, 67, 39),
(1911, 38, 96, 38, 81, 24, 69),
(1912, 58, 96, 42, 69, 54, 30),
(1913, 35, 96, 79, 50, 47, 62),
(1914, 9, 96, 45, 41, 63, 75),
(1915, 54, 96, 38, 9, 88, 95),
(1916, 2, 96, 75, 49, 22, 99),
(1917, 16, 96, 25, 48, 19, 26),
(1918, 29, 96, 95, 62, 64, 94),
(1919, 29, 96, 65, 51, 1, 11),
(1920, 68, 96, 88, 98, 3, 1),
(1921, 70, 96, 83, 38, 28, 78),
(1922, 72, 96, 65, 82, 77, 61),
(1923, 64, 96, 74, 37, 87, 18),
(1924, 96, 96, 71, 99, 74, 13),
(1925, 86, 96, 85, 12, 34, 66),
(1926, 96, 96, 30, 23, 83, 36),
(1927, 100, 96, 60, 45, 74, 85),
(1928, 2, 96, 34, 47, 48, 22),
(1929, 92, 96, 22, 13, 35, 68),
(1930, 13, 97, 44, 85, 35, 96),
(1931, 13, 97, 56, 60, 52, 76),
(1932, 35, 97, 90, 92, 19, 0),
(1933, 64, 97, 54, 86, 96, 38),
(1934, 85, 97, 5, 49, 67, 12),
(1935, 77, 97, 12, 54, 70, 59),
(1936, 78, 97, 54, 63, 14, 69),
(1937, 97, 97, 48, 100, 71, 15),
(1938, 38, 97, 49, 26, 8, 65),
(1939, 60, 97, 88, 30, 93, 16),
(1940, 35, 97, 85, 32, 55, 42),
(1941, 44, 97, 3, 14, 22, 57),
(1942, 50, 97, 51, 47, 30, 64),
(1943, 99, 97, 79, 60, 91, 6),
(1944, 46, 97, 29, 39, 28, 59),
(1945, 11, 97, 82, 64, 63, 9),
(1946, 21, 97, 52, 2, 78, 81),
(1947, 65, 97, 61, 6, 38, 7),
(1948, 31, 97, 72, 95, 48, 1),
(1949, 11, 97, 51, 63, 9, 34),
(1950, 83, 98, 39, 91, 26, 6),
(1951, 59, 98, 53, 55, 33, 11),
(1952, 73, 98, 34, 50, 8, 87),
(1953, 40, 98, 14, 65, 66, 93),
(1954, 60, 98, 53, 97, 32, 11),
(1955, 1, 98, 11, 73, 10, 27),
(1956, 17, 98, 85, 42, 51, 16),
(1957, 53, 98, 13, 20, 90, 4),
(1958, 22, 98, 84, 74, 7, 42),
(1959, 37, 98, 14, 80, 18, 0),
(1960, 45, 98, 44, 61, 46, 35),
(1961, 80, 98, 69, 48, 65, 79),
(1962, 49, 98, 19, 82, 4, 8),
(1963, 97, 98, 99, 37, 2, 71),
(1964, 12, 98, 66, 91, 100, 85),
(1965, 93, 98, 72, 57, 19, 54),
(1966, 46, 98, 3, 55, 88, 87),
(1967, 19, 98, 6, 91, 27, 57),
(1968, 69, 98, 73, 40, 3, 27),
(1969, 44, 98, 13, 96, 76, 12),
(1970, 95, 99, 14, 8, 14, 16),
(1971, 12, 99, 25, 48, 12, 32),
(1972, 47, 99, 87, 94, 79, 46),
(1973, 4, 99, 90, 10, 2, 76),
(1974, 19, 99, 50, 53, 23, 40),
(1975, 31, 99, 84, 45, 66, 32),
(1976, 12, 99, 84, 65, 18, 81),
(1977, 76, 99, 84, 95, 82, 7),
(1978, 34, 99, 1, 23, 15, 78),
(1979, 42, 99, 23, 56, 47, 63),
(1980, 57, 99, 16, 82, 85, 35),
(1981, 18, 99, 42, 95, 91, 30),
(1982, 68, 99, 55, 82, 31, 15),
(1983, 82, 99, 98, 22, 33, 71),
(1984, 47, 99, 6, 97, 96, 7),
(1985, 60, 99, 16, 24, 95, 100),
(1986, 49, 99, 32, 25, 42, 86),
(1987, 4, 99, 99, 55, 22, 31),
(1988, 99, 99, 98, 29, 74, 59),
(1989, 83, 99, 35, 23, 82, 20),
(1990, 52, 100, 66, 94, 39, 73),
(1991, 82, 100, 63, 44, 86, 30),
(1992, 39, 100, 32, 30, 22, 41),
(1993, 19, 100, 62, 43, 25, 12),
(1994, 65, 100, 29, 93, 21, 91),
(1995, 35, 100, 72, 26, 99, 70),
(1996, 64, 100, 28, 55, 63, 38),
(1997, 85, 100, 82, 15, 80, 6),
(1998, 69, 100, 19, 89, 87, 55),
(1999, 17, 100, 19, 49, 58, 62),
(2000, 12, 100, 40, 2, 80, 59),
(2001, 57, 100, 57, 66, 24, 20),
(2002, 43, 100, 94, 74, 34, 46),
(2003, 11, 100, 55, 50, 11, 84),
(2004, 89, 100, 32, 51, 56, 55),
(2005, 76, 100, 94, 26, 26, 84),
(2006, 21, 100, 12, 22, 12, 2),
(2007, 42, 100, 35, 57, 28, 61),
(2008, 15, 100, 32, 68, 84, 49),
(2009, 49, 100, 87, 40, 88, 91),
(2010, 100, 101, 89, 100, 38, 53),
(2011, 89, 101, 9, 6, 18, 40),
(2012, 78, 101, 93, 84, 27, 46),
(2013, 41, 101, 41, 81, 94, 39),
(2014, 60, 101, 7, 49, 14, 13),
(2015, 69, 101, 46, 77, 84, 44),
(2016, 37, 101, 49, 38, 60, 82),
(2017, 94, 101, 37, 9, 79, 84),
(2018, 73, 101, 86, 99, 75, 7),
(2019, 44, 101, 24, 44, 40, 7),
(2020, 20, 101, 7, 40, 21, 53),
(2021, 24, 101, 19, 95, 64, 83),
(2022, 11, 101, 62, 40, 34, 58),
(2023, 78, 101, 46, 77, 67, 69),
(2024, 27, 101, 40, 97, 12, 93),
(2025, 24, 101, 76, 9, 67, 1),
(2026, 55, 101, 46, 75, 0, 62),
(2027, 46, 101, 59, 53, 45, 8),
(2028, 17, 101, 100, 93, 82, 48),
(2029, 45, 101, 7, 77, 98, 35),
(2030, 97, 102, 14, 47, 83, 8),
(2031, 37, 102, 50, 98, 93, 46),
(2032, 67, 102, 91, 40, 90, 49),
(2033, 31, 102, 33, 47, 76, 41),
(2034, 3, 102, 94, 99, 36, 5),
(2035, 21, 102, 33, 61, 15, 43),
(2036, 62, 102, 1, 98, 100, 80),
(2037, 46, 102, 17, 28, 51, 74),
(2038, 68, 102, 100, 72, 48, 76),
(2039, 68, 102, 51, 41, 37, 93),
(2040, 48, 102, 39, 85, 84, 93),
(2041, 48, 102, 29, 31, 4, 18),
(2042, 55, 102, 97, 71, 69, 88),
(2043, 50, 102, 45, 88, 50, 44),
(2044, 41, 102, 49, 80, 5, 61),
(2045, 45, 102, 72, 5, 18, 35),
(2046, 67, 102, 2, 21, 68, 38),
(2047, 23, 102, 72, 16, 37, 78),
(2048, 52, 102, 84, 45, 69, 3),
(2049, 56, 102, 96, 78, 0, 44),
(2050, 0, 103, 90, 100, 96, 32),
(2051, 18, 103, 91, 38, 50, 74),
(2052, 77, 103, 75, 15, 74, 80),
(2053, 39, 103, 60, 4, 56, 34),
(2054, 99, 103, 51, 24, 22, 11),
(2055, 55, 103, 89, 20, 86, 42),
(2056, 37, 103, 34, 32, 66, 100),
(2057, 75, 103, 4, 98, 29, 41),
(2058, 46, 103, 18, 48, 17, 39),
(2059, 97, 103, 38, 66, 28, 35),
(2060, 88, 103, 51, 52, 10, 19),
(2061, 6, 103, 65, 23, 7, 23),
(2062, 7, 103, 26, 55, 81, 42),
(2063, 87, 103, 68, 52, 88, 47),
(2064, 88, 103, 52, 8, 5, 82),
(2065, 47, 103, 8, 61, 40, 100),
(2066, 77, 103, 24, 3, 89, 2),
(2067, 66, 103, 66, 76, 28, 71),
(2068, 78, 103, 14, 93, 65, 43),
(2069, 94, 103, 47, 66, 55, 77),
(2070, 74, 104, 37, 42, 42, 49),
(2071, 92, 104, 56, 77, 8, 98),
(2072, 78, 104, 80, 18, 51, 70),
(2073, 55, 104, 34, 8, 87, 23),
(2074, 8, 104, 36, 8, 94, 34),
(2075, 30, 104, 52, 69, 56, 26),
(2076, 88, 104, 88, 12, 62, 31),
(2077, 89, 104, 67, 2, 69, 97),
(2078, 58, 104, 61, 82, 1, 16),
(2079, 87, 104, 20, 61, 6, 26),
(2080, 61, 104, 56, 37, 63, 46),
(2081, 26, 104, 34, 82, 15, 44),
(2082, 42, 104, 87, 98, 6, 89),
(2083, 38, 104, 79, 13, 79, 66),
(2084, 49, 104, 5, 10, 85, 64),
(2085, 28, 104, 97, 5, 27, 8),
(2086, 13, 104, 51, 76, 93, 4),
(2087, 41, 104, 48, 94, 4, 85),
(2088, 36, 104, 22, 48, 59, 10),
(2089, 71, 104, 33, 81, 10, 60),
(2090, 26, 105, 17, 53, 4, 61),
(2091, 61, 105, 30, 18, 79, 23),
(2092, 3, 105, 28, 98, 93, 90),
(2093, 61, 105, 67, 74, 23, 96),
(2094, 84, 105, 0, 60, 31, 62),
(2095, 52, 105, 26, 23, 84, 18),
(2096, 50, 105, 84, 97, 43, 53),
(2097, 68, 105, 92, 4, 94, 51),
(2098, 43, 105, 73, 10, 68, 86),
(2099, 100, 105, 68, 87, 0, 78),
(2100, 45, 105, 41, 46, 86, 90),
(2101, 24, 105, 54, 94, 78, 89),
(2102, 18, 105, 86, 10, 68, 64),
(2103, 73, 105, 60, 8, 53, 69),
(2104, 73, 105, 51, 2, 64, 51),
(2105, 89, 105, 13, 71, 84, 6),
(2106, 43, 105, 2, 21, 16, 94),
(2107, 96, 105, 98, 82, 86, 87),
(2108, 51, 105, 87, 67, 7, 32),
(2109, 45, 105, 35, 88, 84, 47),
(2110, 67, 106, 82, 95, 42, 56),
(2111, 47, 106, 30, 35, 35, 87),
(2112, 52, 106, 25, 49, 26, 13),
(2113, 2, 106, 71, 71, 38, 65),
(2114, 52, 106, 28, 95, 70, 21),
(2115, 69, 106, 93, 26, 4, 79),
(2116, 87, 106, 46, 63, 37, 48),
(2117, 21, 106, 57, 4, 29, 43),
(2118, 86, 106, 78, 22, 35, 32),
(2119, 0, 106, 93, 100, 81, 67),
(2120, 0, 106, 60, 19, 53, 13),
(2121, 69, 106, 29, 69, 1, 9),
(2122, 22, 106, 9, 46, 54, 4),
(2123, 88, 106, 71, 100, 78, 17),
(2124, 65, 106, 45, 45, 80, 89),
(2125, 66, 106, 33, 29, 18, 12),
(2126, 16, 106, 63, 42, 25, 34),
(2127, 50, 106, 90, 55, 97, 50),
(2128, 16, 106, 86, 63, 78, 38),
(2129, 29, 106, 66, 8, 14, 61),
(2130, 62, 107, 13, 72, 28, 88),
(2131, 32, 107, 97, 66, 51, 53),
(2132, 3, 107, 41, 25, 68, 4),
(2133, 17, 107, 38, 40, 88, 63),
(2134, 55, 107, 61, 79, 13, 15),
(2135, 62, 107, 58, 11, 50, 12),
(2136, 26, 107, 3, 81, 95, 49),
(2137, 82, 107, 52, 14, 45, 98),
(2138, 6, 107, 24, 36, 76, 37),
(2139, 77, 107, 86, 91, 93, 10),
(2140, 69, 107, 51, 44, 35, 54),
(2141, 82, 107, 66, 3, 43, 28),
(2142, 48, 107, 66, 42, 46, 88),
(2143, 100, 107, 31, 88, 11, 90),
(2144, 3, 107, 42, 22, 96, 16),
(2145, 60, 107, 39, 6, 58, 22),
(2146, 75, 107, 21, 91, 100, 44),
(2147, 19, 107, 79, 80, 6, 56),
(2148, 94, 107, 77, 6, 73, 89),
(2149, 59, 107, 42, 59, 84, 33),
(2150, 30, 108, 23, 96, 52, 92),
(2151, 66, 108, 17, 92, 44, 97),
(2152, 0, 108, 41, 84, 18, 65),
(2153, 25, 108, 20, 81, 6, 7),
(2154, 15, 108, 60, 28, 60, 80),
(2155, 30, 108, 33, 47, 79, 4),
(2156, 7, 108, 13, 57, 1, 6),
(2157, 82, 108, 23, 19, 4, 18),
(2158, 23, 108, 70, 66, 100, 6),
(2159, 24, 108, 93, 84, 13, 45),
(2160, 48, 108, 81, 49, 32, 43),
(2161, 22, 108, 99, 56, 99, 88),
(2162, 33, 108, 90, 40, 37, 52),
(2163, 60, 108, 27, 39, 14, 44),
(2164, 53, 108, 52, 71, 59, 11),
(2165, 40, 108, 59, 23, 92, 38),
(2166, 74, 108, 84, 54, 92, 94),
(2167, 93, 108, 80, 55, 44, 42),
(2168, 70, 108, 69, 17, 17, 8),
(2169, 63, 108, 50, 59, 53, 92),
(2170, 47, 109, 77, 81, 13, 97),
(2171, 10, 109, 23, 75, 42, 55),
(2172, 64, 109, 69, 33, 5, 30),
(2173, 85, 109, 0, 67, 45, 69),
(2174, 3, 109, 96, 50, 50, 66),
(2175, 67, 109, 50, 16, 27, 23),
(2176, 76, 109, 24, 16, 7, 90),
(2177, 52, 109, 81, 38, 98, 75),
(2178, 61, 109, 76, 12, 10, 71),
(2179, 65, 109, 37, 77, 26, 35),
(2180, 55, 109, 7, 90, 44, 50),
(2181, 36, 109, 1, 23, 81, 97),
(2182, 49, 109, 73, 74, 91, 20),
(2183, 67, 109, 24, 86, 25, 56),
(2184, 46, 109, 10, 22, 70, 84),
(2185, 2, 109, 40, 65, 20, 2),
(2186, 43, 109, 33, 81, 70, 67),
(2187, 63, 109, 40, 16, 20, 31),
(2188, 71, 109, 27, 86, 2, 65),
(2189, 35, 109, 97, 97, 13, 96),
(2190, 28, 110, 71, 5, 47, 16),
(2191, 85, 110, 90, 72, 9, 47),
(2192, 82, 110, 33, 87, 93, 53),
(2193, 15, 110, 89, 71, 41, 5),
(2194, 21, 110, 28, 43, 92, 26),
(2195, 9, 110, 79, 30, 9, 2),
(2196, 79, 110, 14, 19, 52, 51),
(2197, 6, 110, 8, 89, 54, 25),
(2198, 19, 110, 68, 85, 5, 42),
(2199, 24, 110, 92, 57, 19, 58),
(2200, 23, 110, 33, 98, 67, 21),
(2201, 7, 110, 11, 17, 64, 59),
(2202, 65, 110, 10, 44, 33, 3),
(2203, 31, 110, 16, 17, 24, 84),
(2204, 19, 110, 6, 97, 41, 72),
(2205, 76, 110, 5, 88, 31, 60),
(2206, 66, 110, 36, 54, 58, 73),
(2207, 47, 110, 40, 57, 92, 87),
(2208, 36, 110, 68, 6, 65, 43),
(2209, 68, 110, 48, 72, 91, 98),
(2210, 38, 111, 89, 5, 95, 1),
(2211, 23, 111, 20, 33, 99, 78),
(2212, 21, 111, 55, 44, 16, 62),
(2213, 15, 111, 54, 15, 7, 38),
(2214, 22, 111, 90, 61, 62, 54),
(2215, 63, 111, 24, 33, 16, 67),
(2216, 10, 111, 64, 53, 36, 49),
(2217, 58, 111, 10, 54, 74, 94),
(2218, 10, 111, 10, 4, 70, 7),
(2219, 40, 111, 77, 75, 19, 70),
(2220, 73, 111, 44, 20, 36, 13),
(2221, 8, 111, 41, 13, 94, 49),
(2222, 76, 111, 73, 24, 1, 36),
(2223, 77, 111, 79, 53, 90, 22),
(2224, 29, 111, 61, 64, 34, 87),
(2225, 98, 111, 91, 59, 91, 5),
(2226, 84, 111, 40, 87, 41, 57),
(2227, 75, 111, 47, 85, 25, 38),
(2228, 16, 111, 92, 51, 58, 43),
(2229, 81, 111, 87, 8, 22, 76),
(2230, 83, 112, 18, 91, 70, 56),
(2231, 32, 112, 56, 91, 26, 68),
(2232, 56, 112, 70, 24, 43, 72),
(2233, 97, 112, 64, 56, 90, 83),
(2234, 52, 112, 25, 72, 98, 88),
(2235, 97, 112, 91, 42, 43, 31),
(2236, 88, 112, 71, 88, 9, 23),
(2237, 54, 112, 62, 70, 45, 8),
(2238, 13, 112, 56, 88, 98, 43),
(2239, 11, 112, 11, 23, 0, 23),
(2240, 40, 112, 80, 32, 98, 45),
(2241, 78, 112, 89, 46, 21, 99),
(2242, 73, 112, 23, 69, 8, 7),
(2243, 9, 112, 26, 75, 97, 12),
(2244, 24, 112, 69, 71, 22, 23),
(2245, 78, 112, 5, 63, 56, 82),
(2246, 15, 112, 54, 32, 3, 89),
(2247, 84, 112, 47, 26, 72, 83),
(2248, 38, 112, 29, 5, 45, 82),
(2249, 93, 112, 67, 17, 63, 73),
(2250, 84, 113, 52, 34, 37, 92),
(2251, 76, 113, 7, 9, 68, 13),
(2252, 64, 113, 8, 51, 60, 25),
(2253, 6, 113, 43, 80, 55, 12),
(2254, 87, 113, 51, 76, 26, 80),
(2255, 52, 113, 52, 61, 36, 28),
(2256, 73, 113, 39, 69, 3, 57),
(2257, 86, 113, 12, 3, 85, 77),
(2258, 80, 113, 62, 95, 26, 95),
(2259, 42, 113, 59, 8, 8, 5),
(2260, 2, 113, 79, 5, 66, 54),
(2261, 77, 113, 0, 41, 0, 2),
(2262, 88, 113, 31, 14, 61, 58),
(2263, 76, 113, 6, 65, 37, 99),
(2264, 48, 113, 48, 26, 28, 38),
(2265, 82, 113, 94, 27, 6, 32),
(2266, 81, 113, 35, 12, 30, 62),
(2267, 72, 113, 61, 59, 94, 97),
(2268, 11, 113, 59, 53, 88, 80),
(2269, 21, 113, 0, 52, 69, 95),
(2270, 29, 114, 44, 68, 90, 41),
(2271, 46, 114, 99, 65, 95, 62),
(2272, 94, 114, 51, 76, 43, 68),
(2273, 60, 114, 0, 78, 35, 45),
(2274, 89, 114, 89, 58, 2, 70),
(2275, 14, 114, 1, 59, 57, 64),
(2276, 56, 114, 23, 73, 78, 32),
(2277, 60, 114, 69, 73, 42, 61),
(2278, 84, 114, 37, 88, 81, 52),
(2279, 24, 114, 46, 79, 59, 42),
(2280, 71, 114, 46, 62, 19, 23),
(2281, 16, 114, 97, 41, 86, 37),
(2282, 29, 114, 79, 50, 31, 6),
(2283, 73, 114, 95, 37, 81, 35),
(2284, 44, 114, 35, 98, 74, 13),
(2285, 62, 114, 35, 12, 57, 25),
(2286, 28, 114, 70, 90, 56, 32),
(2287, 74, 114, 70, 55, 0, 47),
(2288, 45, 114, 39, 99, 2, 6),
(2289, 61, 114, 14, 3, 16, 70),
(2290, 25, 115, 30, 80, 16, 62),
(2291, 52, 115, 45, 52, 25, 37),
(2292, 80, 115, 21, 2, 64, 97),
(2293, 11, 115, 61, 62, 43, 10),
(2294, 15, 115, 86, 26, 76, 69),
(2295, 24, 115, 33, 59, 39, 50),
(2296, 85, 115, 35, 7, 45, 3),
(2297, 14, 115, 40, 31, 7, 26),
(2298, 83, 115, 6, 66, 73, 79),
(2299, 42, 115, 46, 82, 56, 99),
(2300, 49, 115, 94, 75, 46, 5),
(2301, 39, 115, 67, 26, 30, 18),
(2302, 82, 115, 55, 91, 73, 32),
(2303, 47, 115, 16, 45, 81, 33),
(2304, 94, 115, 93, 34, 59, 16),
(2305, 62, 115, 46, 71, 18, 88),
(2306, 7, 115, 43, 53, 67, 93),
(2307, 86, 115, 68, 92, 62, 67),
(2308, 13, 115, 35, 28, 36, 82),
(2309, 0, 115, 25, 95, 10, 66),
(2310, 87, 116, 12, 76, 11, 16),
(2311, 31, 116, 31, 12, 89, 22),
(2312, 49, 116, 46, 89, 76, 99),
(2313, 91, 116, 38, 65, 60, 19),
(2314, 81, 116, 50, 74, 18, 1),
(2315, 93, 116, 8, 25, 51, 21),
(2316, 98, 116, 97, 60, 9, 90),
(2317, 62, 116, 86, 4, 34, 74),
(2318, 89, 116, 64, 88, 24, 72),
(2319, 51, 116, 79, 79, 57, 46),
(2320, 47, 116, 31, 9, 44, 23),
(2321, 95, 116, 49, 68, 35, 94),
(2322, 37, 116, 60, 43, 3, 66),
(2323, 38, 116, 81, 72, 46, 63),
(2324, 46, 116, 55, 37, 87, 21),
(2325, 5, 116, 72, 16, 75, 72),
(2326, 90, 116, 78, 0, 54, 50),
(2327, 89, 116, 37, 79, 11, 46),
(2328, 3, 116, 16, 8, 5, 29),
(2329, 74, 116, 20, 74, 46, 38),
(2330, 75, 117, 70, 17, 70, 39),
(2331, 73, 117, 97, 61, 36, 7),
(2332, 32, 117, 82, 77, 8, 21),
(2333, 30, 117, 39, 78, 68, 17),
(2334, 41, 117, 87, 94, 70, 72),
(2335, 49, 117, 7, 49, 28, 80),
(2336, 97, 117, 28, 6, 64, 86),
(2337, 25, 117, 64, 32, 77, 87),
(2338, 35, 117, 39, 4, 48, 13),
(2339, 98, 117, 7, 22, 75, 92),
(2340, 49, 117, 43, 77, 63, 45),
(2341, 67, 117, 45, 10, 50, 86),
(2342, 3, 117, 40, 20, 18, 8),
(2343, 21, 117, 1, 66, 75, 59),
(2344, 40, 117, 90, 97, 43, 20),
(2345, 91, 117, 48, 17, 29, 60),
(2346, 31, 117, 58, 73, 57, 75),
(2347, 83, 117, 82, 98, 90, 54),
(2348, 4, 117, 0, 10, 65, 8),
(2349, 51, 117, 85, 79, 81, 96);

-- --------------------------------------------------------

--
-- Table structure for table `narocnik`
--

DROP TABLE IF EXISTS `narocnik`;
CREATE TABLE `narocnik` (
  `id` int(11) NOT NULL,
  `name` varchar(100) DEFAULT NULL,
  `tel` int(9) DEFAULT NULL,
  `email` varchar(200) DEFAULT NULL
) ENGINE=InnoDB DEFAULT CHARSET=utf8mb4 COLLATE=utf8mb4_general_ci;

-- --------------------------------------------------------

--
-- Table structure for table `oglas`
--

DROP TABLE IF EXISTS `oglas`;
CREATE TABLE `oglas` (
  `id` int(11) NOT NULL,
  `slika` varchar(200) DEFAULT NULL,
  `logo` varchar(200) DEFAULT NULL,
  `id_narocnik` int(11) DEFAULT NULL,
  `ogledi` int(11) DEFAULT 0,
  `kliki` int(11) DEFAULT 0,
  `budget` double DEFAULT 0
) ENGINE=InnoDB DEFAULT CHARSET=utf8mb4 COLLATE=utf8mb4_general_ci;

-- --------------------------------------------------------

--
-- Table structure for table `owns`
--

DROP TABLE IF EXISTS `owns`;
CREATE TABLE `owns` (
  `id` int(11) NOT NULL,
  `admin_id` int(11) DEFAULT NULL,
  `restavracija_id` int(11) DEFAULT NULL
) ENGINE=InnoDB DEFAULT CHARSET=utf8mb4 COLLATE=utf8mb4_general_ci;

-- --------------------------------------------------------

--
-- Table structure for table `restaurant`
--

DROP TABLE IF EXISTS `restaurant`;
CREATE TABLE `restaurant` (
  `id` int(11) NOT NULL,
  `name` varchar(200) DEFAULT NULL,
  `location` varchar(500) DEFAULT NULL
) ENGINE=InnoDB DEFAULT CHARSET=utf8mb4 COLLATE=utf8mb4_general_ci;

--
-- Dumping data for table `restaurant`
--

INSERT INTO `restaurant` (`id`, `name`, `location`) VALUES
(1, 'Cubo', 'Šmartinska c. 55, 1000 Ljubljana');

-- --------------------------------------------------------

--
-- Table structure for table `restaurant_rating`
--

DROP TABLE IF EXISTS `restaurant_rating`;
CREATE TABLE `restaurant_rating` (
  `id` int(11) NOT NULL,
  `id_rest` int(11) DEFAULT NULL,
  `hospitality` int(11) DEFAULT NULL,
  `atmosphere` int(11) DEFAULT NULL,
  `value` int(11) DEFAULT NULL,
  `location` int(11) DEFAULT NULL,
  `food` int(11) DEFAULT NULL
) ENGINE=InnoDB DEFAULT CHARSET=utf8mb4 COLLATE=utf8mb4_general_ci;

--
-- Dumping data for table `restaurant_rating`
--

INSERT INTO `restaurant_rating` (`id`, `id_rest`, `hospitality`, `atmosphere`, `value`, `location`, `food`) VALUES
(1, 1, 5, 4, 1, 4, 5),
(2, 1, 5, 5, 3, 5, 5),
(5, 1, 16, 65, 50, 47, 59),
(6, 1, 16, 65, 50, 47, 59);

-- --------------------------------------------------------

--
-- Table structure for table `rest_admins`
--

DROP TABLE IF EXISTS `rest_admins`;
CREATE TABLE `rest_admins` (
  `id` int(11) NOT NULL,
  `name` varchar(100) DEFAULT NULL,
  `surname` varchar(100) DEFAULT NULL,
  `tel` int(9) DEFAULT NULL,
  `email` varchar(100) DEFAULT NULL,
  `pass` varchar(500) DEFAULT NULL
) ENGINE=InnoDB DEFAULT CHARSET=utf8mb4 COLLATE=utf8mb4_general_ci;

-- --------------------------------------------------------

--
-- Table structure for table `subcategory`
--

DROP TABLE IF EXISTS `subcategory`;
CREATE TABLE `subcategory` (
  `id` int(11) NOT NULL,
  `name` varchar(200) DEFAULT NULL,
  `category_id` int(11) DEFAULT NULL
) ENGINE=InnoDB DEFAULT CHARSET=utf8mb4 COLLATE=utf8mb4_general_ci;

--
-- Dumping data for table `subcategory`
--

INSERT INTO `subcategory` (`id`, `name`, `category_id`) VALUES
(1, 'Juhe', 3),
(2, 'Hladni napitki', 4),
(3, 'Brezalkoholne pijače', 4),
(4, 'Pivo', 4),
(5, 'Cider', 4),
(6, 'Žgane pijače', 4),
(7, 'Vina', 4),
(8, 'Pice', 5),
(9, 'Morske Pice', 5),
(10, 'Posebne pice', 5),
(11, 'Napoletana', 5),
(12, 'Dodatki', 5),
(13, 'Sladice', 6),
(14, 'Testenine', 7),
(15, 'Burgerji', 7),
(16, 'Navadne jedi', 7),
(17, 'Rižote', 7),
(18, 'Solate', 7),
(19, 'Prigrizki', 8),
(20, 'Kava', 9),
(21, 'Kavni napitki', 9),
(22, 'Topli napitki', 9);

--
-- Indexes for dumped tables
--

--
-- Indexes for table `allergens`
--
ALTER TABLE `allergens`
  ADD PRIMARY KEY (`id`),
  ADD KEY `item_id` (`item_id`);

--
-- Indexes for table `category`
--
ALTER TABLE `category`
  ADD PRIMARY KEY (`id`),
  ADD KEY `rest_id` (`rest_id`);

--
-- Indexes for table `contact`
--
ALTER TABLE `contact`
  ADD PRIMARY KEY (`id`),
  ADD KEY `id_rest` (`id_rest`);

--
-- Indexes for table `ingredients`
--
ALTER TABLE `ingredients`
  ADD PRIMARY KEY (`id`),
  ADD KEY `item_id` (`item_id`);

--
-- Indexes for table `item`
--
ALTER TABLE `item`
  ADD PRIMARY KEY (`id`),
  ADD KEY `subcategory_id` (`subcategory_id`);

--
-- Indexes for table `item_rating`
--
ALTER TABLE `item_rating`
  ADD PRIMARY KEY (`id`),
  ADD KEY `item_id` (`item_id`);

--
-- Indexes for table `narocnik`
--
ALTER TABLE `narocnik`
  ADD PRIMARY KEY (`id`);

--
-- Indexes for table `oglas`
--
ALTER TABLE `oglas`
  ADD PRIMARY KEY (`id`),
  ADD KEY `id_narocnik` (`id_narocnik`);

--
-- Indexes for table `owns`
--
ALTER TABLE `owns`
  ADD PRIMARY KEY (`id`),
  ADD KEY `admin_id` (`admin_id`),
  ADD KEY `restavracija_id` (`restavracija_id`);

--
-- Indexes for table `restaurant`
--
ALTER TABLE `restaurant`
  ADD PRIMARY KEY (`id`);

--
-- Indexes for table `restaurant_rating`
--
ALTER TABLE `restaurant_rating`
  ADD PRIMARY KEY (`id`),
  ADD KEY `id_rest` (`id_rest`);

--
-- Indexes for table `rest_admins`
--
ALTER TABLE `rest_admins`
  ADD PRIMARY KEY (`id`);

--
-- Indexes for table `subcategory`
--
ALTER TABLE `subcategory`
  ADD PRIMARY KEY (`id`),
  ADD KEY `category_id` (`category_id`);

--
-- AUTO_INCREMENT for dumped tables
--

--
-- AUTO_INCREMENT for table `allergens`
--
ALTER TABLE `allergens`
  MODIFY `id` int(11) NOT NULL AUTO_INCREMENT, AUTO_INCREMENT=241;

--
-- AUTO_INCREMENT for table `category`
--
ALTER TABLE `category`
  MODIFY `id` int(11) NOT NULL AUTO_INCREMENT, AUTO_INCREMENT=10;

--
-- AUTO_INCREMENT for table `contact`
--
ALTER TABLE `contact`
  MODIFY `id` int(11) NOT NULL AUTO_INCREMENT, AUTO_INCREMENT=2;

--
-- AUTO_INCREMENT for table `ingredients`
--
ALTER TABLE `ingredients`
  MODIFY `id` int(11) NOT NULL AUTO_INCREMENT, AUTO_INCREMENT=844;

--
-- AUTO_INCREMENT for table `item`
--
ALTER TABLE `item`
  MODIFY `id` int(11) NOT NULL AUTO_INCREMENT, AUTO_INCREMENT=118;

--
-- AUTO_INCREMENT for table `item_rating`
--
ALTER TABLE `item_rating`
  MODIFY `id` int(11) NOT NULL AUTO_INCREMENT, AUTO_INCREMENT=2350;

--
-- AUTO_INCREMENT for table `narocnik`
--
ALTER TABLE `narocnik`
  MODIFY `id` int(11) NOT NULL AUTO_INCREMENT;

--
-- AUTO_INCREMENT for table `oglas`
--
ALTER TABLE `oglas`
  MODIFY `id` int(11) NOT NULL AUTO_INCREMENT;

--
-- AUTO_INCREMENT for table `owns`
--
ALTER TABLE `owns`
  MODIFY `id` int(11) NOT NULL AUTO_INCREMENT;

--
-- AUTO_INCREMENT for table `restaurant`
--
ALTER TABLE `restaurant`
  MODIFY `id` int(11) NOT NULL AUTO_INCREMENT, AUTO_INCREMENT=2;

--
-- AUTO_INCREMENT for table `restaurant_rating`
--
ALTER TABLE `restaurant_rating`
  MODIFY `id` int(11) NOT NULL AUTO_INCREMENT, AUTO_INCREMENT=7;

--
-- AUTO_INCREMENT for table `rest_admins`
--
ALTER TABLE `rest_admins`
  MODIFY `id` int(11) NOT NULL AUTO_INCREMENT;

--
-- AUTO_INCREMENT for table `subcategory`
--
ALTER TABLE `subcategory`
  MODIFY `id` int(11) NOT NULL AUTO_INCREMENT, AUTO_INCREMENT=23;

--
-- Constraints for dumped tables
--

--
-- Constraints for table `allergens`
--
ALTER TABLE `allergens`
  ADD CONSTRAINT `allergens_ibfk_1` FOREIGN KEY (`item_id`) REFERENCES `item` (`id`);

--
-- Constraints for table `category`
--
ALTER TABLE `category`
  ADD CONSTRAINT `category_ibfk_1` FOREIGN KEY (`rest_id`) REFERENCES `restaurant_rating` (`id`);

--
-- Constraints for table `contact`
--
ALTER TABLE `contact`
  ADD CONSTRAINT `contact_ibfk_1` FOREIGN KEY (`id_rest`) REFERENCES `restaurant` (`id`);

--
-- Constraints for table `ingredients`
--
ALTER TABLE `ingredients`
  ADD CONSTRAINT `ingredients_ibfk_1` FOREIGN KEY (`item_id`) REFERENCES `item` (`id`);

--
-- Constraints for table `item`
--
ALTER TABLE `item`
  ADD CONSTRAINT `item_ibfk_1` FOREIGN KEY (`subcategory_id`) REFERENCES `subcategory` (`id`);

--
-- Constraints for table `item_rating`
--
ALTER TABLE `item_rating`
  ADD CONSTRAINT `item_rating_ibfk_1` FOREIGN KEY (`item_id`) REFERENCES `item` (`id`);

--
-- Constraints for table `oglas`
--
ALTER TABLE `oglas`
  ADD CONSTRAINT `oglas_ibfk_1` FOREIGN KEY (`id_narocnik`) REFERENCES `narocnik` (`id`);

--
-- Constraints for table `owns`
--
ALTER TABLE `owns`
  ADD CONSTRAINT `owns_ibfk_1` FOREIGN KEY (`admin_id`) REFERENCES `rest_admins` (`id`),
  ADD CONSTRAINT `owns_ibfk_2` FOREIGN KEY (`restavracija_id`) REFERENCES `restaurant` (`id`);

--
-- Constraints for table `restaurant_rating`
--
ALTER TABLE `restaurant_rating`
  ADD CONSTRAINT `restaurant_rating_ibfk_1` FOREIGN KEY (`id_rest`) REFERENCES `restaurant` (`id`);

--
-- Constraints for table `subcategory`
--
ALTER TABLE `subcategory`
  ADD CONSTRAINT `subcategory_ibfk_1` FOREIGN KEY (`category_id`) REFERENCES `category` (`id`);
COMMIT;

/*!40101 SET CHARACTER_SET_CLIENT=@OLD_CHARACTER_SET_CLIENT */;
/*!40101 SET CHARACTER_SET_RESULTS=@OLD_CHARACTER_SET_RESULTS */;
/*!40101 SET COLLATION_CONNECTION=@OLD_COLLATION_CONNECTION */;
